Reef ,Date,Boat Type,Number of Boats
Atlantic Beach,4/7/1995,Small,0
Atlantic Beach,4/7/1995,Large,0
Atlantic Beach,5/14/1995,Small,7
Atlantic Beach,5/14/1995,Large,0
Atlantic Beach,6/10/1995,Small,4
Atlantic Beach,6/10/1995,Large,0
Atlantic Beach,7/9/1995,Small,3
Atlantic Beach,7/9/1995,Large,0
Atlantic Beach,8/19/1995,Small,0
Atlantic Beach,8/19/1995,Large,0
Atlantic Beach,9/2/1995,Small,6
Atlantic Beach,9/2/1995,Large,1
Atlantic Beach,10/9/1995,Small,0
Atlantic Beach,10/9/1995,Large,0
Atlantic Beach,11/17/1995,Small,0
Atlantic Beach,11/17/1995,Large,0
Atlantic Beach,4/21/1996,Small,0
Atlantic Beach,4/21/1996,Large,0
Atlantic Beach,5/22/1996,Small,1
Atlantic Beach,5/22/1996,Large,0
Atlantic Beach,6/26/1996,Small,0
Atlantic Beach,6/26/1996,Large,0
Atlantic Beach,7/6/1996,Small,2
Atlantic Beach,7/6/1996,Large,0
Atlantic Beach,8/25/1996,Small,2
Atlantic Beach,8/25/1996,Large,0
Atlantic Beach,9/21/1996,Small,12
Atlantic Beach,9/21/1996,Large,1
Atlantic Beach,10/26/1996,Small,0
Atlantic Beach,10/26/1996,Large,0
Atlantic Beach,11/11/1996,Small,1
Atlantic Beach,11/11/1996,Large,0
Atlantic Beach,4/22/1997,Small,1
Atlantic Beach,4/22/1997,Large,0
Atlantic Beach,4/26/1997,Small,0
Atlantic Beach,4/26/1997,Large,0
Atlantic Beach,5/11/1997,Small,1
Atlantic Beach,5/11/1997,Large,1
Atlantic Beach,5/27/1997,Small,1
Atlantic Beach,5/27/1997,Large,0
Atlantic Beach,7/5/1997,Small,4
Atlantic Beach,7/5/1997,Large,1
Atlantic Beach,7/29/1997,Small,1
Atlantic Beach,7/29/1997,Large,0
Atlantic Beach,8/16/1997,Small,6
Atlantic Beach,8/16/1997,Large,0
Atlantic Beach,8/25/1997,Small,5
Atlantic Beach,8/25/1997,Large,0
Atlantic Beach,9/4/1997,Small,0
Atlantic Beach,9/4/1997,Large,0
Atlantic Beach,9/14/1997,Small,15
Atlantic Beach,9/14/1997,Large,0
Atlantic Beach,10/4/1997,Small,8
Atlantic Beach,10/4/1997,Large,0
Atlantic Beach,10/8/1997,Small,0
Atlantic Beach,10/8/1997,Large,0
Atlantic Beach,11/21/1997,Small,3
Atlantic Beach,11/21/1997,Large,0
Atlantic Beach,5/3/2000,Small,5
Atlantic Beach,5/3/2000,Large,0
Atlantic Beach,5/27/2000,Small,5
Atlantic Beach,5/27/2000,Large,1
Atlantic Beach,6/10/2000,Small,4
Atlantic Beach,6/10/2000,Large,0
Atlantic Beach,6/30/2000,Small,1
Atlantic Beach,6/30/2000,Large,0
Atlantic Beach,5/11/2001,Small,1
Atlantic Beach,5/11/2001,Large,1
Atlantic Beach,6/9/2001,Small,22
Atlantic Beach,6/9/2001,Large,0
Atlantic Beach,6/21/2001,Small,3
Atlantic Beach,6/21/2001,Large,0
Atlantic Beach,7/7/2001,Small,26
Atlantic Beach,7/7/2001,Large,1
Atlantic Beach,7/30/2001,Small,0
Atlantic Beach,7/30/2001,Large,0
Atlantic Beach,8/16/2001,Small,5
Atlantic Beach,8/16/2001,Large,0
Atlantic Beach,10/25/2001,Small,1
Atlantic Beach,10/25/2001,Large,0
Atlantic Beach,11/21/2001,Small,7
Atlantic Beach,11/21/2001,Large,0
Atlantic Beach,12/1/2001,Small,9
Atlantic Beach,12/1/2001,Large,0
Atlantic Beach,12/22/2001,Small,4
Atlantic Beach,12/22/2001,Large,0
Atlantic Beach,6/8/2002,Small,16
Atlantic Beach,6/8/2002,Large,1
Atlantic Beach,6/26/2002,Small,9
Atlantic Beach,6/26/2002,Large,0
Atlantic Beach,7/8/2002,Small,9
Atlantic Beach,7/8/2002,Large,0
Atlantic Beach,7/30/2002,Small,2
Atlantic Beach,7/30/2002,Large,0
Atlantic Beach,8/25/2002,Small,43
Atlantic Beach,8/25/2002,Large,1
Atlantic Beach,8/26/2002,Small,17
Atlantic Beach,8/26/2002,Large,0
Atlantic Beach,9/10/2002,Small,10
Atlantic Beach,9/10/2002,Large,2
Atlantic Beach,9/13/2002,Small,8
Atlantic Beach,9/13/2002,Large,1
Atlantic Beach,9/29/2002,Small,14
Atlantic Beach,9/29/2002,Large,0
Atlantic Beach,10/15/2002,Small,1
Atlantic Beach,10/15/2002,Large,0
Atlantic Beach,10/31/2002,Small,2
Atlantic Beach,10/31/2002,Large,1
Atlantic Beach,11/15/2002,Small,3
Atlantic Beach,11/15/2002,Large,0
Atlantic Beach,12/7/2002,Small,5
Atlantic Beach,12/7/2002,Large,0
Atlantic Beach,12/13/2002,Small,8
Atlantic Beach,12/13/2002,Large,0
Atlantic Beach,5/29/2003,Small,11
Atlantic Beach,5/29/2003,Large,4
Atlantic Beach,5/31/2003,Small,23
Atlantic Beach,5/31/2003,Large,6
Atlantic Beach,6/6/2003,Small,22
Atlantic Beach,6/6/2003,Large,4
Atlantic Beach,6/24/2003,Small,32
Atlantic Beach,6/24/2003,Large,5
Atlantic Beach,7/6/2003,Small,55
Atlantic Beach,7/6/2003,Large,0
Atlantic Beach,7/18/2003,Small,15
Atlantic Beach,7/18/2003,Large,2
Atlantic Beach,8/19/2003,Small,21
Atlantic Beach,8/19/2003,Large,2
Atlantic Beach,8/28/2003,Small,20
Atlantic Beach,8/28/2003,Large,5
Atlantic Beach,9/5/2003,Small,1
Atlantic Beach,9/5/2003,Large,1
Atlantic Beach,9/6/2003,Small,20
Atlantic Beach,9/6/2003,Large,1
Atlantic Beach,9/30/2003,Small,5
Atlantic Beach,9/30/2003,Large,3
Atlantic Beach,10/18/2003,Small,19
Atlantic Beach,10/18/2003,Large,4
Atlantic Beach,10/30/2003,Small,15
Atlantic Beach,10/30/2003,Large,0
Atlantic Beach,11/22/2003,Small,15
Atlantic Beach,11/22/2003,Large,0
Atlantic Beach,12/9/2003,Small,1
Atlantic Beach,12/9/2003,Large,0
Atlantic Beach,12/12/2003,Small,0
Atlantic Beach,12/12/2003,Large,0
Atlantic Beach,5/7/2004,Small,0
Atlantic Beach,5/7/2004,Large,0
Atlantic Beach,6/5/2004,Small,1
Atlantic Beach,6/5/2004,Large,0
Atlantic Beach,6/12/2004,Small,9
Atlantic Beach,6/12/2004,Large,0
Atlantic Beach,6/28/2004,Small,6
Atlantic Beach,6/28/2004,Large,0
Atlantic Beach,7/26/2004,Small,0
Atlantic Beach,7/26/2004,Large,0
Atlantic Beach,8/4/2004,Small,3
Atlantic Beach,8/4/2004,Large,1
Atlantic Beach,8/14/2004,Small,1
Atlantic Beach,8/14/2004,Large,0
Atlantic Beach,8/28/2004,Small,10
Atlantic Beach,8/28/2004,Large,1
Atlantic Beach,10/4/2004,Small,33
Atlantic Beach,10/4/2004,Large,1
Atlantic Beach,10/31/2004,Small,5
Atlantic Beach,10/31/2004,Large,0
Atlantic Beach,11/16/2004,Small,17
Atlantic Beach,11/16/2004,Large,0
Atlantic Beach,11/17/2004,Small,30
Atlantic Beach,11/17/2004,Large,0
Atlantic Beach,12/12/2004,Small,0
Atlantic Beach,12/12/2004,Large,0
Atlantic Beach,12/16/2004,Small,1
Atlantic Beach,12/16/2004,Large,0
Atlantic Beach,12/26/2004,Small,1
Atlantic Beach,12/26/2004,Large,0
Atlantic Beach,5/30/2005,Small,8
Atlantic Beach,5/30/2005,Large,0
Atlantic Beach,5/31/2005,Small,7
Atlantic Beach,5/31/2005,Large,0
Atlantic Beach,6/1/2005,Small,2
Atlantic Beach,6/1/2005,Large,0
Atlantic Beach,6/12/2005,Small,0
Atlantic Beach,6/12/2005,Large,0
Atlantic Beach,8/18/2005,Small,2
Atlantic Beach,8/18/2005,Large,1
Atlantic Beach,8/23/2005,Small,9
Atlantic Beach,8/23/2005,Large,0
Atlantic Beach,9/23/2005,Small,1
Atlantic Beach,9/23/2005,Large,0
Atlantic Beach,10/2/2005,Small,32
Atlantic Beach,10/2/2005,Large,1
Atlantic Beach,12/23/2008,Small,0
Atlantic Beach,12/23/2008,Large,0
Atlantic Beach,1/21/2009,Small,0
Atlantic Beach,1/21/2009,Large,0
Atlantic Beach,5/29/2006,Small,31
Atlantic Beach,5/29/2006,Large,0
Atlantic Beach,9/13/2006,Small,1
Atlantic Beach,9/13/2006,Large,0
Atlantic Beach,10/31/2006,Small,11
Atlantic Beach,10/31/2006,Large,0
Atlantic Beach,11/3/2006,Small,9
Atlantic Beach,11/3/2006,Large,0
Atlantic Beach,12/19/2006,Small,2
Atlantic Beach,12/19/2006,Large,0
Atlantic Beach,5/13/2007,Small,2
Atlantic Beach,5/13/2007,Large,1
Atlantic Beach,5/22/2007,Small,10
Atlantic Beach,5/22/2007,Large,0
Atlantic Beach,5/29/2007,Small,5
Atlantic Beach,5/29/2007,Large,0
Atlantic Beach,7/4/2007,Small,3
Atlantic Beach,7/4/2007,Large,0
Atlantic Beach,7/12/2007,Small,2
Atlantic Beach,7/12/2007,Large,0
Atlantic Beach,8/13/2007,Small,9
Atlantic Beach,8/13/2007,Large,0
Atlantic Beach,8/19/2007,Small,35
Atlantic Beach,8/19/2007,Large,0
Atlantic Beach,10/14/2007,Small,2
Atlantic Beach,10/14/2007,Large,0
Atlantic Beach,10/30/2007,Small,15
Atlantic Beach,10/30/2007,Large,0
Atlantic Beach,10/31/2007,Small,13
Atlantic Beach,10/31/2007,Large,0
Atlantic Beach,11/14/2007,Small,16
Atlantic Beach,11/14/2007,Large,1
Atlantic Beach,11/17/2007,Small,5
Atlantic Beach,11/17/2007,Large,0
Atlantic Beach,12/6/2007,Small,5
Atlantic Beach,12/6/2007,Large,1
Atlantic Beach,12/29/2014,Small,3
Atlantic Beach,12/29/2014,Large,0
Atlantic Beach,12/14/2014,Small,6
Atlantic Beach,12/14/2014,Large,0
Atlantic Beach,10/30/2014,Small,9
Atlantic Beach,10/30/2014,Large,0
Atlantic Beach,10/25/2014,Small,18
Atlantic Beach,10/25/2014,Large,0
Atlantic Beach,11/15/2014,Small,15
Atlantic Beach,11/15/2014,Large,1
Atlantic Beach,10/6/2014,Small,0
Atlantic Beach,10/6/2014,Large,0
Atlantic Beach,9/5/2014,Small,32
Atlantic Beach,9/5/2014,Large,0
Atlantic Beach,8/24/2014,Small,5
Atlantic Beach,8/24/2014,Large,0
Atlantic Beach,8/19/2014,Small,10
Atlantic Beach,8/19/2014,Large,0
Atlantic Beach,8/17/2014,Small,18
Atlantic Beach,8/17/2014,Large,2
Atlantic Beach,7/23/2014,Small,10
Atlantic Beach,7/23/2014,Large,0
Atlantic Beach,6/27/2014,Small,3
Atlantic Beach,6/27/2014,Large,0
Atlantic Beach,6/14/2014,Small,7
Atlantic Beach,6/14/2014,Large,0
Atlantic Beach,4/15/2015,Small,2
Atlantic Beach,4/15/2015,Large,0
Atlantic Beach,4/18/2015,Small,1
Atlantic Beach,4/18/2015,Large,0
Atlantic Beach,5/29/2015,Small,11
Atlantic Beach,5/29/2015,Large,0
Atlantic Beach,5/30/2015,Small,5
Atlantic Beach,5/30/2015,Large,0
Atlantic Beach,6/17/2015,Small,6
Atlantic Beach,6/17/2015,Large,0
Atlantic Beach,7/11/2015,Small,44
Atlantic Beach,7/11/2015,Large,3
Atlantic Beach,7/21/2015,Small,14
Atlantic Beach,7/21/2015,Large,0
Atlantic Beach,8/9/2015,Small,23
Atlantic Beach,8/9/2015,Large,1
Atlantic Beach,8/15/2015,Small,36
Atlantic Beach,8/15/2015,Large,0
Atlantic Beach,8/24/2015,Small,5
Atlantic Beach,8/24/2015,Large,0
Atlantic Beach,10/18/2015,Small,1
Atlantic Beach,10/18/2015,Large,0
Atlantic Beach,10/22/2015,Small,6
Atlantic Beach,10/22/2015,Large,1
Atlantic Beach,10/26/2015,Small,4
Atlantic Beach,10/26/2015,Large,0
Atlantic Beach,10/31/2015,Small,38
Atlantic Beach,10/31/2015,Large,1
Atlantic Beach,11/4/2015,Small,35
Atlantic Beach,11/4/2015,Large,0
Atlantic Beach,11/15/2015,Small,7
Atlantic Beach,11/15/2015,Large,0
Atlantic Beach,12/7/2015,Small,1
Atlantic Beach,12/7/2015,Large,0
Atlantic Beach,12/12/2015,Small,13
Atlantic Beach,12/12/2015,Large,1
Atlantic Beach,5/26/2008,Small,5
Atlantic Beach,5/26/2008,Large,0
Atlantic Beach,6/2/2008,Small,10
Atlantic Beach,6/2/2008,Large,0
Atlantic Beach,7/21/2008,Small,1
Atlantic Beach,7/21/2008,Large,0
Atlantic Beach,7/28/2008,Small,1
Atlantic Beach,7/28/2008,Large,0
Atlantic Beach,9/17/2008,Small,11
Atlantic Beach,9/17/2008,Large,1
Atlantic Beach,10/2/2008,Small,0
Atlantic Beach,10/2/2008,Large,0
Atlantic Beach,10/21/2008,Small,1
Atlantic Beach,10/21/2008,Large,0
Atlantic Beach,11/2/2008,Small,20
Atlantic Beach,11/2/2008,Large,0
Atlantic Beach,12/14/2008,Small,12
Atlantic Beach,12/14/2008,Large,0
Atlantic Beach,12/23/2008,Small,5
Atlantic Beach,12/23/2008,Large,0
Atlantic Beach,1/21/2009,Small,0
Atlantic Beach,1/21/2009,Large,0
Fire Island,4/7/1995,Small,0
Fire Island,4/7/1995,Large,0
Fire Island,5/14/1995,Small,0
Fire Island,5/14/1995,Large,0
Fire Island,6/10/1995,Small,2
Fire Island,6/10/1995,Large,0
Fire Island,7/9/1995,Small,8
Fire Island,7/9/1995,Large,0
Fire Island,8/19/1995,Small,0
Fire Island,8/19/1995,Large,0
Fire Island,9/2/1995,Small,3
Fire Island,9/2/1995,Large,1
Fire Island,10/9/1995,Small,4
Fire Island,10/9/1995,Large,2
Fire Island,11/17/1995,Small,0
Fire Island,11/17/1995,Large,1
Fire Island,4/21/1996,Small,0
Fire Island,4/21/1996,Large,0
Fire Island,5/22/1996,Small,0
Fire Island,5/22/1996,Large,0
Fire Island,6/26/1996,Small,0
Fire Island,6/26/1996,Large,0
Fire Island,7/6/1996,Small,3
Fire Island,7/6/1996,Large,0
Fire Island,8/25/1996,Small,0
Fire Island,8/25/1996,Large,0
Fire Island,9/21/1996,Small,21
Fire Island,9/21/1996,Large,3
Fire Island,10/26/1996,Small,1
Fire Island,10/26/1996,Large,0
Fire Island,11/11/1996,Small,0
Fire Island,11/11/1996,Large,1
Fire Island,4/22/1997,Small,1
Fire Island,4/22/1997,Large,0
Fire Island,4/26/1997,Small,2
Fire Island,4/26/1997,Large,0
Fire Island,5/11/1997,Small,0
Fire Island,5/11/1997,Large,1
Fire Island,5/27/1997,Small,1
Fire Island,5/27/1997,Large,0
Fire Island,7/5/1997,Small,2
Fire Island,7/5/1997,Large,3
Fire Island,7/29/1997,Small,3
Fire Island,7/29/1997,Large,1
Fire Island,8/16/1997,Small,0
Fire Island,8/16/1997,Large,0
Fire Island,8/25/1997,Small,0
Fire Island,8/25/1997,Large,0
Fire Island,9/4/1997,Small,0
Fire Island,9/4/1997,Large,0
Fire Island,9/14/1997,Small,23
Fire Island,9/14/1997,Large,4
Fire Island,10/4/1997,Small,18
Fire Island,10/4/1997,Large,2
Fire Island,10/8/1997,Small,4
Fire Island,10/8/1997,Large,2
Fire Island,11/21/1997,Small,0
Fire Island,11/21/1997,Large,1
Fire Island,5/3/2000,Small,0
Fire Island,5/3/2000,Large,0
Fire Island,5/27/2000,Small,27
Fire Island,5/27/2000,Large,0
Fire Island,6/10/2000,Small,10
Fire Island,6/10/2000,Large,1
Fire Island,6/30/2000,Small,4
Fire Island,6/30/2000,Large,0
Fire Island,5/11/2001,Small,0
Fire Island,5/11/2001,Large,0
Fire Island,6/9/2001,Small,30
Fire Island,6/9/2001,Large,1
Fire Island,6/21/2001,Small,0
Fire Island,6/21/2001,Large,0
Fire Island,7/7/2001,Small,17
Fire Island,7/7/2001,Large,0
Fire Island,7/30/2001,Small,0
Fire Island,7/30/2001,Large,0
Fire Island,8/16/2001,Small,12
Fire Island,8/16/2001,Large,0
Fire Island,10/25/2001,Small,0
Fire Island,10/25/2001,Large,0
Fire Island,11/21/2001,Small,0
Fire Island,11/21/2001,Large,1
Fire Island,12/1/2001,Small,0
Fire Island,12/1/2001,Large,1
Fire Island,12/22/2001,Small,1
Fire Island,12/22/2001,Large,1
Fire Island,6/8/2002,Small,8
Fire Island,6/8/2002,Large,2
Fire Island,6/26/2002,Small,2
Fire Island,6/26/2002,Large,1
Fire Island,7/8/2002,Small,12
Fire Island,7/8/2002,Large,0
Fire Island,7/30/2002,Small,4
Fire Island,7/30/2002,Large,3
Fire Island,8/25/2002,Small,15
Fire Island,8/25/2002,Large,1
Fire Island,8/26/2002,Small,11
Fire Island,8/26/2002,Large,2
Fire Island,9/13/2002,Small,24
Fire Island,9/13/2002,Large,4
Fire Island,9/29/2002,Small,30
Fire Island,9/29/2002,Large,3
Fire Island,10/15/2002,Small,0
Fire Island,10/15/2002,Large,1
Fire Island,10/31/2002,Small,0
Fire Island,10/31/2002,Large,2
Fire Island,11/15/2002,Small,1
Fire Island,11/15/2002,Large,1
Fire Island,12/7/2002,Small,1
Fire Island,12/7/2002,Large,1
Fire Island,12/13/2002,Small,3
Fire Island,12/13/2002,Large,0
Fire Island,5/29/2003,Small,4
Fire Island,5/29/2003,Large,1
Fire Island,5/31/2003,Small,5
Fire Island,5/31/2003,Large,0
Fire Island,6/6/2003,Small,5
Fire Island,6/6/2003,Large,0
Fire Island,6/24/2003,Small,30
Fire Island,6/24/2003,Large,0
Fire Island,7/6/2003,Small,9
Fire Island,7/6/2003,Large,0
Fire Island,7/18/2003,Small,7
Fire Island,7/18/2003,Large,2
Fire Island,8/19/2003,Small,9
Fire Island,8/19/2003,Large,0
Fire Island,8/28/2003,Small,9
Fire Island,8/28/2003,Large,0
Fire Island,9/5/2003,Small,1
Fire Island,9/5/2003,Large,0
Fire Island,9/6/2003,Small,1
Fire Island,9/6/2003,Large,0
Fire Island,9/30/2003,Small,2
Fire Island,9/30/2003,Large,3
Fire Island,10/18/2003,Small,8
Fire Island,10/18/2003,Large,6
Fire Island,10/30/2003,Small,2
Fire Island,10/30/2003,Large,1
Fire Island,11/22/2003,Small,8
Fire Island,11/22/2003,Large,3
Fire Island,12/9/2003,Small,2
Fire Island,12/9/2003,Large,0
Fire Island,12/12/2003,Small,1
Fire Island,12/12/2003,Large,0
Fire Island,5/7/2004,Small,0
Fire Island,5/7/2004,Large,0
Fire Island,6/5/2004,Small,0
Fire Island,6/5/2004,Large,0
Fire Island,6/12/2004,Small,45
Fire Island,6/12/2004,Large,2
Fire Island,6/28/2004,Small,1
Fire Island,6/28/2004,Large,0
Fire Island,7/26/2004,Small,0
Fire Island,7/26/2004,Large,0
Fire Island,8/4/2004,Small,7
Fire Island,8/4/2004,Large,1
Fire Island,8/14/2004,Small,1
Fire Island,8/14/2004,Large,2
Fire Island,8/28/2004,Small,10
Fire Island,8/28/2004,Large,0
Fire Island,9/21/2004,Small,4
Fire Island,9/21/2004,Large,2
Fire Island,10/4/2004,Small,9
Fire Island,10/4/2004,Large,1
Fire Island,10/31/2004,Small,0
Fire Island,10/31/2004,Large,0
Fire Island,11/16/2004,Small,3
Fire Island,11/16/2004,Large,0
Fire Island,11/17/2004,Small,6
Fire Island,11/17/2004,Large,0
Fire Island,12/12/2004,Small,0
Fire Island,12/12/2004,Large,0
Fire Island,12/16/2004,Small,0
Fire Island,12/16/2004,Large,0
Fire Island,12/26/2004,Small,0
Fire Island,12/26/2004,Large,0
Fire Island,5/30/2005,Small,5
Fire Island,5/30/2005,Large,0
Fire Island,5/31/2005,Small,3
Fire Island,5/31/2005,Large,1
Fire Island,6/1/2005,Small,1
Fire Island,6/1/2005,Large,0
Fire Island,6/12/2005,Small,0
Fire Island,6/12/2005,Large,0
Fire Island,8/18/2005,Small,1
Fire Island,8/18/2005,Large,0
Fire Island,8/23/2005,Small,17
Fire Island,8/23/2005,Large,0
Fire Island,9/23/2005,Small,0
Fire Island,9/23/2005,Large,0
Fire Island,10/2/2005,Small,51
Fire Island,10/2/2005,Large,4
Fire Island,12/23/2008,Small,0
Fire Island,12/23/2008,Large,0
Fire Island,1/21/2009,Small,0
Fire Island,1/21/2009,Large,0
Fire Island,5/29/2006,Small,10
Fire Island,5/29/2006,Large,0
Fire Island,9/13/2006,Small,1
Fire Island,9/13/2006,Large,0
Fire Island,10/31/2006,Small,2
Fire Island,10/31/2006,Large,0
Fire Island,11/3/2006,Small,1
Fire Island,11/3/2006,Large,1
Fire Island,12/19/2006,Small,4
Fire Island,12/19/2006,Large,0
Fire Island,5/13/2007,Small,2
Fire Island,5/13/2007,Large,0
Fire Island,5/22/2007,Small,8
Fire Island,5/22/2007,Large,2
Fire Island,5/29/2007,Small,8
Fire Island,5/29/2007,Large,1
Fire Island,7/4/2007,Small,11
Fire Island,7/4/2007,Large,1
Fire Island,7/12/2007,Small,3
Fire Island,7/12/2007,Large,0
Fire Island,8/13/2007,Small,9
Fire Island,8/13/2007,Large,1
Fire Island,8/19/2007,Small,53
Fire Island,8/19/2007,Large,4
Fire Island,10/14/2007,Small,1
Fire Island,10/14/2007,Large,3
Fire Island,10/30/2007,Small,3
Fire Island,10/30/2007,Large,2
Fire Island,10/31/2007,Small,1
Fire Island,10/31/2007,Large,1
Fire Island,11/14/2007,Small,2
Fire Island,11/14/2007,Large,1
Fire Island,11/17/2007,Small,1
Fire Island,11/17/2007,Large,0
Fire Island,12/6/2007,Small,0
Fire Island,12/6/2007,Large,0
Fire Island,12/29/2014,Small,0
Fire Island,12/29/2014,Large,0
Fire Island,12/14/2014,Small,2
Fire Island,12/14/2014,Large,0
Fire Island,10/30/2014,Small,4
Fire Island,10/30/2014,Large,1
Fire Island,10/25/2014,Small,0
Fire Island,10/25/2014,Large,3
Fire Island,11/15/2014,Small,6
Fire Island,11/15/2014,Large,1
Fire Island,10/6/2014,Small,0
Fire Island,10/6/2014,Large,0
Fire Island,9/5/2014,Small,20
Fire Island,9/5/2014,Large,1
Fire Island,8/24/2014,Small,11
Fire Island,8/24/2014,Large,1
Fire Island,8/19/2014,Small,0
Fire Island,8/19/2014,Large,0
Fire Island,8/17/2014,Small,7
Fire Island,8/17/2014,Large,0
Fire Island,7/23/2014,Small,0
Fire Island,7/23/2014,Large,0
Fire Island,6/27/2014,Small,10
Fire Island,6/27/2014,Large,1
Fire Island,6/14/2014,Small,4
Fire Island,6/14/2014,Large,0
Fire Island,4/15/2015,Small,0
Fire Island,4/15/2015,Large,0
Fire Island,4/18/2015,Small,3
Fire Island,4/18/2015,Large,0
Fire Island,5/29/2015,Small,5
Fire Island,5/29/2015,Large,0
Fire Island,5/30/2015,Small,2
Fire Island,5/30/2015,Large,0
Fire Island,6/17/2015,Small,10
Fire Island,6/17/2015,Large,0
Fire Island,7/11/2015,Small,60
Fire Island,7/11/2015,Large,5
Fire Island,7/21/2015,Small,12
Fire Island,7/21/2015,Large,4
Fire Island,8/9/2015,Small,6
Fire Island,8/9/2015,Large,3
Fire Island,8/15/2015,Small,20
Fire Island,8/15/2015,Large,0
Fire Island,8/24/2015,Small,14
Fire Island,8/24/2015,Large,2
Fire Island,10/18/2015,Small,1
Fire Island,10/18/2015,Large,0
Fire Island,10/22/2015,Small,0
Fire Island,10/22/2015,Large,0
Fire Island,10/26/2015,Small,2
Fire Island,10/26/2015,Large,0
Fire Island,10/31/2015,Small,2
Fire Island,10/31/2015,Large,0
Fire Island,11/4/2015,Small,4
Fire Island,11/4/2015,Large,0
Fire Island,11/15/2015,Small,0
Fire Island,11/15/2015,Large,0
Fire Island,12/7/2015,Small,0
Fire Island,12/7/2015,Large,0
Fire Island,12/12/2015,Small,6
Fire Island,12/12/2015,Large,0
Fire Island,5/26/2008,Small,1
Fire Island,5/26/2008,Large,0
Fire Island,6/2/2008,Small,3
Fire Island,6/2/2008,Large,1
Fire Island,7/21/2008,Small,0
Fire Island,7/21/2008,Large,0
Fire Island,7/27/2008,Small,4
Fire Island,7/27/2008,Large,0
Fire Island,7/28/2008,Small,4
Fire Island,7/28/2008,Large,1
Fire Island,9/17/2008,Small,10
Fire Island,9/17/2008,Large,2
Fire Island,10/2/2008,Small,1
Fire Island,10/2/2008,Large,0
Fire Island,10/21/2008,Small,0
Fire Island,10/21/2008,Large,1
Fire Island,11/2/2008,Small,3
Fire Island,11/2/2008,Large,2
Fire Island,12/14/2008,Small,1
Fire Island,12/14/2008,Large,1
Fire Island,12/23/2008,Small,0
Fire Island,12/23/2008,Large,0
Fire Island,1/21/2009,Small,0
Fire Island,1/21/2009,Large,0
Hempstead,12/23/2008,Small,0
Hempstead,12/23/2008,Large,0
Hempstead,1/21/2009,Small,0
Hempstead,1/21/2009,Large,0
Hempstead,5/29/2006,Small,10
Hempstead,5/29/2006,Large,0
Hempstead,9/13/2006,Small,0
Hempstead,9/13/2006,Large,0
Hempstead,10/31/2006,Small,3
Hempstead,10/31/2006,Large,0
Hempstead,11/3/2006,Small,1
Hempstead,11/3/2006,Large,1
Hempstead,12/19/2006,Small,1
Hempstead,12/19/2006,Large,0
Hempstead,5/13/2007,Small,3
Hempstead,5/13/2007,Large,2
Hempstead,5/22/2007,Small,5
Hempstead,5/22/2007,Large,1
Hempstead,5/29/2007,Small,9
Hempstead,5/29/2007,Large,1
Hempstead,7/4/2007,Small,2
Hempstead,7/4/2007,Large,2
Hempstead,7/12/2007,Small,5
Hempstead,7/12/2007,Large,0
Hempstead,8/13/2007,Small,18
Hempstead,8/13/2007,Large,1
Hempstead,8/19/2007,Small,32
Hempstead,8/19/2007,Large,1
Hempstead,10/14/2007,Small,1
Hempstead,10/14/2007,Large,3
Hempstead,10/30/2007,Small,3
Hempstead,10/30/2007,Large,0
Hempstead,10/31/2007,Small,6
Hempstead,10/31/2007,Large,1
Hempstead,11/14/2007,Small,3
Hempstead,11/14/2007,Large,0
Hempstead,11/17/2007,Small,1
Hempstead,11/17/2007,Large,1
Hempstead,12/6/2007,Small,1
Hempstead,12/6/2007,Large,0
Hempstead,12/29/2014,Small,0
Hempstead,12/29/2014,Large,0
Hempstead,12/14/2014,Small,0
Hempstead,12/14/2014,Large,0
Hempstead,10/30/2014,Small,3
Hempstead,10/30/2014,Large,0
Hempstead,10/25/2014,Small,3
Hempstead,10/25/2014,Large,1
Hempstead,11/15/2014,Small,3
Hempstead,11/15/2014,Large,1
Hempstead,10/6/2014,Small,0
Hempstead,10/6/2014,Large,0
Hempstead,9/5/2014,Small,28
Hempstead,9/5/2014,Large,0
Hempstead,8/24/2014,Small,10
Hempstead,8/24/2014,Large,1
Hempstead,8/19/2014,Small,6
Hempstead,8/19/2014,Large,1
Hempstead,8/17/2014,Small,22
Hempstead,8/17/2014,Large,0
Hempstead,7/23/2014,Small,15
Hempstead,7/23/2014,Large,0
Hempstead,6/27/2014,Small,2
Hempstead,6/27/2014,Large,0
Hempstead,6/14/2014,Small,45
Hempstead,6/14/2014,Large,2
Hempstead,4/15/2015,Small,1
Hempstead,4/15/2015,Large,0
Hempstead,4/18/2015,Small,2
Hempstead,4/18/2015,Large,0
Hempstead,5/29/2015,Small,1
Hempstead,5/29/2015,Large,0
Hempstead,5/30/2015,Small,4
Hempstead,5/30/2015,Large,0
Hempstead,6/17/2015,Small,0
Hempstead,6/17/2015,Large,0
Hempstead,7/11/2015,Small,50
Hempstead,7/11/2015,Large,0
Hempstead,7/21/2015,Small,20
Hempstead,7/21/2015,Large,0
Hempstead,8/9/2015,Small,9
Hempstead,8/9/2015,Large,0
Hempstead,8/15/2015,Small,26
Hempstead,8/15/2015,Large,0
Hempstead,8/24/2015,Small,13
Hempstead,8/24/2015,Large,0
Hempstead,10/18/2015,Small,3
Hempstead,10/18/2015,Large,0
Hempstead,10/22/2015,Small,0
Hempstead,10/22/2015,Large,0
Hempstead,10/26/2015,Small,1
Hempstead,10/26/2015,Large,0
Hempstead,10/31/2015,Small,13
Hempstead,10/31/2015,Large,0
Hempstead,11/4/2015,Small,11
Hempstead,11/4/2015,Large,0
Hempstead,11/15/2015,Small,0
Hempstead,11/15/2015,Large,0
Hempstead,12/7/2015,Small,4
Hempstead,12/7/2015,Large,0
Hempstead,12/12/2015,Small,7
Hempstead,12/12/2015,Large,0
Hempstead,5/26/2008,Small,4
Hempstead,5/26/2008,Large,0
Hempstead,6/2/2008,Small,2
Hempstead,6/2/2008,Large,0
Hempstead,7/21/2008,Small,1
Hempstead,7/21/2008,Large,1
Hempstead,7/28/2008,Small,2
Hempstead,7/28/2008,Large,0
Hempstead,9/17/2008,Small,9
Hempstead,9/17/2008,Large,3
Hempstead,10/2/2008,Small,0
Hempstead,10/2/2008,Large,1
Hempstead,10/21/2008,Small,1
Hempstead,10/21/2008,Large,0
Hempstead,11/2/2008,Small,3
Hempstead,11/2/2008,Large,0
Hempstead,12/14/2008,Small,1
Hempstead,12/14/2008,Large,0
Hempstead,12/23/2008,Small,0
Hempstead,12/23/2008,Large,0
Hempstead,1/21/2009,Small,0
Hempstead,1/21/2009,Large,0
Hempstead,4/7/1995,Small,2
Hempstead,4/7/1995,Large,0
Hempstead,5/14/1995,Small,4
Hempstead,5/14/1995,Large,1
Hempstead,6/10/1995,Small,7
Hempstead,6/10/1995,Large,0
Hempstead,7/9/1995,Small,2
Hempstead,7/9/1995,Large,0
Hempstead,8/19/1995,Small,0
Hempstead,8/19/1995,Large,1
Hempstead,9/2/1995,Small,0
Hempstead,9/2/1995,Large,0
Hempstead,10/9/1995,Small,4
Hempstead,10/9/1995,Large,2
Hempstead,11/17/1995,Small,0
Hempstead,11/17/1995,Large,0
Hempstead,4/21/1996,Small,0
Hempstead,4/21/1996,Large,0
Hempstead,5/22/1996,Small,0
Hempstead,5/22/1996,Large,1
Hempstead,6/26/1996,Small,0
Hempstead,6/26/1996,Large,0
Hempstead,7/6/1996,Small,3
Hempstead,7/6/1996,Large,0
Hempstead,8/25/1996,Small,2
Hempstead,8/25/1996,Large,0
Hempstead,9/21/1996,Small,5
Hempstead,9/21/1996,Large,1
Hempstead,10/26/1996,Small,3
Hempstead,10/26/1996,Large,0
Hempstead,11/11/1996,Small,2
Hempstead,11/11/1996,Large,1
Hempstead,4/22/1997,Small,0
Hempstead,4/22/1997,Large,0
Hempstead,4/26/1997,Small,0
Hempstead,4/26/1997,Large,1
Hempstead,5/11/1997,Small,1
Hempstead,5/11/1997,Large,0
Hempstead,5/27/1997,Small,0
Hempstead,5/27/1997,Large,0
Hempstead,7/5/1997,Small,3
Hempstead,7/5/1997,Large,1
Hempstead,7/29/1997,Small,0
Hempstead,7/29/1997,Large,0
Hempstead,8/16/1997,Small,6
Hempstead,8/16/1997,Large,0
Hempstead,8/25/1997,Small,8
Hempstead,8/25/1997,Large,0
Hempstead,9/4/1997,Small,4
Hempstead,9/4/1997,Large,1
Hempstead,9/14/1997,Small,116
Hempstead,9/14/1997,Large,2
Hempstead,10/4/1997,Small,6
Hempstead,10/4/1997,Large,0
Hempstead,10/8/1997,Small,1
Hempstead,10/8/1997,Large,0
Hempstead,11/21/1997,Small,0
Hempstead,11/21/1997,Large,0
Hempstead,5/3/2000,Small,6
Hempstead,5/3/2000,Large,1
Hempstead,5/27/2000,Small,5
Hempstead,5/27/2000,Large,0
Hempstead,6/10/2000,Small,5
Hempstead,6/10/2000,Large,1
Hempstead,6/30/2000,Small,29
Hempstead,6/30/2000,Large,6
Hempstead,5/11/2001,Small,3
Hempstead,5/11/2001,Large,0
Hempstead,6/9/2001,Small,36
Hempstead,6/9/2001,Large,1
Hempstead,6/21/2001,Small,0
Hempstead,6/21/2001,Large,0
Hempstead,7/7/2001,Small,27
Hempstead,7/7/2001,Large,3
Hempstead,7/30/2001,Small,0
Hempstead,7/30/2001,Large,0
Hempstead,8/16/2001,Small,14
Hempstead,8/16/2001,Large,1
Hempstead,10/25/2001,Small,0
Hempstead,10/25/2001,Large,0
Hempstead,11/21/2001,Small,2
Hempstead,11/21/2001,Large,0
Hempstead,12/1/2001,Small,2
Hempstead,12/1/2001,Large,0
Hempstead,12/22/2001,Small,0
Hempstead,12/22/2001,Large,0
Hempstead,6/8/2002,Small,6
Hempstead,6/8/2002,Large,0
Hempstead,6/26/2002,Small,4
Hempstead,6/26/2002,Large,3
Hempstead,7/8/2002,Small,17
Hempstead,7/8/2002,Large,0
Hempstead,7/30/2002,Small,8
Hempstead,7/30/2002,Large,2
Hempstead,8/25/2002,Small,23
Hempstead,8/25/2002,Large,0
Hempstead,8/26/2002,Small,37
Hempstead,8/26/2002,Large,0
Hempstead,9/10/2002,Small,1
Hempstead,9/10/2002,Large,0
Hempstead,9/13/2002,Small,12
Hempstead,9/13/2002,Large,0
Hempstead,9/29/2002,Small,22
Hempstead,9/29/2002,Large,1
Hempstead,10/15/2002,Small,5
Hempstead,10/15/2002,Large,0
Hempstead,10/31/2002,Small,5
Hempstead,10/31/2002,Large,0
Hempstead,11/15/2002,Small,1
Hempstead,11/15/2002,Large,0
Hempstead,12/7/2002,Small,0
Hempstead,12/7/2002,Large,0
Hempstead,12/13/2002,Small,0
Hempstead,12/13/2002,Large,0
Hempstead,5/29/2003,Small,8
Hempstead,5/29/2003,Large,0
Hempstead,5/31/2003,Small,20
Hempstead,5/31/2003,Large,2
Hempstead,6/6/2003,Small,9
Hempstead,6/6/2003,Large,2
Hempstead,6/24/2003,Small,15
Hempstead,6/24/2003,Large,1
Hempstead,7/6/2003,Small,12
Hempstead,7/6/2003,Large,0
Hempstead,7/18/2003,Small,4
Hempstead,7/18/2003,Large,1
Hempstead,8/19/2003,Small,8
Hempstead,8/19/2003,Large,1
Hempstead,8/28/2003,Small,13
Hempstead,8/28/2003,Large,0
Hempstead,9/5/2003,Small,1
Hempstead,9/5/2003,Large,1
Hempstead,9/6/2003,Small,0
Hempstead,9/6/2003,Large,0
Hempstead,9/30/2003,Small,3
Hempstead,9/30/2003,Large,1
Hempstead,10/18/2003,Small,12
Hempstead,10/18/2003,Large,3
Hempstead,10/30/2003,Small,1
Hempstead,10/30/2003,Large,0
Hempstead,11/22/2003,Small,13
Hempstead,11/22/2003,Large,0
Hempstead,12/9/2003,Small,5
Hempstead,12/9/2003,Large,0
Hempstead,12/12/2003,Small,2
Hempstead,12/12/2003,Large,0
Hempstead,5/7/2004,Small,2
Hempstead,5/7/2004,Large,0
Hempstead,6/5/2004,Small,0
Hempstead,6/5/2004,Large,0
Hempstead,6/12/2004,Small,38
Hempstead,6/12/2004,Large,0
Hempstead,6/28/2004,Small,0
Hempstead,6/28/2004,Large,0
Hempstead,7/26/2004,Small,0
Hempstead,7/26/2004,Large,1
Hempstead,8/4/2004,Small,0
Hempstead,8/4/2004,Large,0
Hempstead,8/14/2004,Small,1
Hempstead,8/14/2004,Large,0
Hempstead,8/28/2004,Small,3
Hempstead,8/28/2004,Large,0
Hempstead,9/21/2004,Small,3
Hempstead,9/21/2004,Large,1
Hempstead,10/4/2004,Small,19
Hempstead,10/4/2004,Large,3
Hempstead,10/31/2004,Small,1
Hempstead,10/31/2004,Large,0
Hempstead,11/16/2004,Small,6
Hempstead,11/16/2004,Large,0
Hempstead,11/17/2004,Small,8
Hempstead,11/17/2004,Large,0
Hempstead,12/12/2004,Small,0
Hempstead,12/12/2004,Large,0
Hempstead,12/16/2004,Small,0
Hempstead,12/16/2004,Large,1
Hempstead,12/26/2004,Small,0
Hempstead,12/26/2004,Large,1
Hempstead,5/30/2005,Small,14
Hempstead,5/30/2005,Large,1
Hempstead,5/31/2005,Small,1
Hempstead,5/31/2005,Large,1
Hempstead,6/1/2005,Small,0
Hempstead,6/1/2005,Large,1
Hempstead,6/12/2005,Small,0
Hempstead,6/12/2005,Large,0
Hempstead,8/18/2005,Small,1
Hempstead,8/18/2005,Large,0
Hempstead,8/23/2005,Small,16
Hempstead,8/23/2005,Large,0
Hempstead,9/23/2005,Small,1
Hempstead,9/23/2005,Large,0
Hempstead,10/2/2005,Small,30
Hempstead,10/2/2005,Large,1
Kismet,4/7/1995,Small,0
Kismet,4/7/1995,Large,0
Kismet,5/14/1995,Small,4
Kismet,5/14/1995,Large,0
Kismet,6/10/1995,Small,4
Kismet,6/10/1995,Large,0
Kismet,7/9/1995,Small,16
Kismet,7/9/1995,Large,2
Kismet,8/19/1995,Small,4
Kismet,8/19/1995,Large,6
Kismet,9/2/1995,Small,7
Kismet,9/2/1995,Large,0
Kismet,10/9/1995,Small,1
Kismet,10/9/1995,Large,0
Kismet,11/17/1995,Small,1
Kismet,11/17/1995,Large,0
Kismet,4/21/1996,Small,0
Kismet,4/21/1996,Large,0
Kismet,5/22/1996,Small,3
Kismet,5/22/1996,Large,0
Kismet,6/26/1996,Small,3
Kismet,6/26/1996,Large,0
Kismet,7/6/1996,Small,15
Kismet,7/6/1996,Large,5
Kismet,8/25/1996,Small,14
Kismet,8/25/1996,Large,0
Kismet,9/21/1996,Small,10
Kismet,9/21/1996,Large,1
Kismet,10/26/1996,Small,1
Kismet,10/26/1996,Large,0
Kismet,11/11/1996,Small,6
Kismet,11/11/1996,Large,0
Kismet,4/22/1997,Small,0
Kismet,4/22/1997,Large,0
Kismet,4/26/1997,Small,1
Kismet,4/26/1997,Large,0
Kismet,5/11/1997,Small,1
Kismet,5/11/1997,Large,1
Kismet,5/27/1997,Small,2
Kismet,5/27/1997,Large,0
Kismet,7/5/1997,Small,28
Kismet,7/5/1997,Large,6
Kismet,7/29/1997,Small,8
Kismet,7/29/1997,Large,2
Kismet,8/16/1997,Small,4
Kismet,8/16/1997,Large,0
Kismet,8/25/1997,Small,0
Kismet,8/25/1997,Large,0
Kismet,9/4/1997,Small,1
Kismet,9/4/1997,Large,0
Kismet,9/14/1997,Small,8
Kismet,9/14/1997,Large,0
Kismet,10/4/1997,Small,15
Kismet,10/4/1997,Large,0
Kismet,10/8/1997,Small,4
Kismet,10/8/1997,Large,0
Kismet,11/21/1997,Small,2
Kismet,11/21/1997,Large,0
Kismet,5/3/2000,Small,8
Kismet,5/3/2000,Large,6
Kismet,5/27/2000,Small,32
Kismet,5/27/2000,Large,0
Kismet,6/10/2000,Small,11
Kismet,6/10/2000,Large,2
Kismet,6/30/2000,Small,13
Kismet,6/30/2000,Large,1
Kismet,5/11/2001,Small,2
Kismet,5/11/2001,Large,0
Kismet,6/9/2001,Small,14
Kismet,6/9/2001,Large,0
Kismet,6/21/2001,Small,4
Kismet,6/21/2001,Large,0
Kismet,7/7/2001,Small,11
Kismet,7/7/2001,Large,0
Kismet,7/30/2001,Small,1
Kismet,7/30/2001,Large,0
Kismet,8/16/2001,Small,4
Kismet,8/16/2001,Large,0
Kismet,10/25/2001,Small,2
Kismet,10/25/2001,Large,0
Kismet,11/21/2001,Small,1
Kismet,11/21/2001,Large,0
Kismet,12/1/2001,Small,4
Kismet,12/1/2001,Large,0
Kismet,12/22/2001,Small,0
Kismet,12/22/2001,Large,0
Kismet,6/8/2002,Small,7
Kismet,6/8/2002,Large,0
Kismet,6/26/2002,Small,3
Kismet,6/26/2002,Large,0
Kismet,7/8/2002,Small,0
Kismet,7/8/2002,Large,0
Kismet,7/30/2002,Small,1
Kismet,7/30/2002,Large,0
Kismet,8/25/2002,Small,6
Kismet,8/25/2002,Large,0
Kismet,8/26/2002,Small,7
Kismet,8/26/2002,Large,0
Kismet,9/13/2002,Small,2
Kismet,9/13/2002,Large,0
Kismet,9/29/2002,Small,17
Kismet,9/29/2002,Large,0
Kismet,10/15/2002,Small,6
Kismet,10/15/2002,Large,0
Kismet,10/31/2002,Small,5
Kismet,10/31/2002,Large,0
Kismet,11/15/2002,Small,9
Kismet,11/15/2002,Large,0
Kismet,12/7/2002,Small,1
Kismet,12/7/2002,Large,0
Kismet,12/13/2002,Small,0
Kismet,12/13/2002,Large,0
Kismet,5/29/2003,Small,2
Kismet,5/29/2003,Large,0
Kismet,5/31/2003,Small,8
Kismet,5/31/2003,Large,0
Kismet,6/6/2003,Small,9
Kismet,6/6/2003,Large,1
Kismet,6/24/2003,Small,8
Kismet,6/24/2003,Large,0
Kismet,7/6/2003,Small,10
Kismet,7/6/2003,Large,2
Kismet,7/18/2003,Small,2
Kismet,7/18/2003,Large,1
Kismet,8/19/2003,Small,0
Kismet,8/19/2003,Large,0
Kismet,8/28/2003,Small,4
Kismet,8/28/2003,Large,0
Kismet,9/5/2003,Small,0
Kismet,9/5/2003,Large,0
Kismet,9/6/2003,Small,11
Kismet,9/6/2003,Large,1
Kismet,9/30/2003,Small,5
Kismet,9/30/2003,Large,0
Kismet,10/18/2003,Small,7
Kismet,10/18/2003,Large,0
Kismet,10/30/2003,Small,6
Kismet,10/30/2003,Large,0
Kismet,11/22/2003,Small,10
Kismet,11/22/2003,Large,0
Kismet,12/9/2003,Small,0
Kismet,12/9/2003,Large,0
Kismet,12/12/2003,Small,0
Kismet,12/12/2003,Large,0
Kismet,5/7/2004,Small,0
Kismet,5/7/2004,Large,0
Kismet,6/5/2004,Small,3
Kismet,6/5/2004,Large,0
Kismet,6/12/2004,Small,1
Kismet,6/12/2004,Large,0
Kismet,6/28/2004,Small,3
Kismet,6/28/2004,Large,1
Kismet,7/26/2004,Small,5
Kismet,7/26/2004,Large,0
Kismet,8/4/2004,Small,9
Kismet,8/4/2004,Large,0
Kismet,8/14/2004,Small,1
Kismet,8/14/2004,Large,0
Kismet,8/28/2004,Small,2
Kismet,8/28/2004,Large,0
Kismet,9/21/2004,Small,2
Kismet,9/21/2004,Large,0
Kismet,10/4/2004,Small,24
Kismet,10/4/2004,Large,1
Kismet,10/31/2004,Small,15
Kismet,10/31/2004,Large,0
Kismet,11/16/2004,Small,3
Kismet,11/16/2004,Large,0
Kismet,11/17/2004,Small,8
Kismet,11/17/2004,Large,0
Kismet,12/12/2004,Small,0
Kismet,12/12/2004,Large,0
Kismet,12/16/2004,Small,0
Kismet,12/16/2004,Large,0
Kismet,12/26/2004,Small,0
Kismet,12/26/2004,Large,0
Kismet,5/30/2005,Small,10
Kismet,5/30/2005,Large,2
Kismet,5/31/2005,Small,5
Kismet,5/31/2005,Large,0
Kismet,6/1/2005,Small,4
Kismet,6/1/2005,Large,0
Kismet,6/12/2005,Small,3
Kismet,6/12/2005,Large,0
Kismet,8/18/2005,Small,2
Kismet,8/18/2005,Large,0
Kismet,8/23/2005,Small,3
Kismet,8/23/2005,Large,0
Kismet,9/23/2005,Small,6
Kismet,9/23/2005,Large,0
Kismet,10/2/2005,Small,11
Kismet,10/2/2005,Large,0
Kismet,1/21/2009,Small,0
Kismet,1/21/2009,Large,0
Kismet,5/29/2006,Small,17
Kismet,5/29/2006,Large,0
Kismet,9/13/2006,Small,3
Kismet,9/13/2006,Large,0
Kismet,10/31/2006,Small,17
Kismet,10/31/2006,Large,0
Kismet,11/3/2006,Small,2
Kismet,11/3/2006,Large,0
Kismet,12/19/2006,Small,0
Kismet,12/19/2006,Large,0
Kismet,5/13/2007,Small,2
Kismet,5/13/2007,Large,0
Kismet,5/22/2007,Small,9
Kismet,5/22/2007,Large,1
Kismet,5/29/2007,Small,4
Kismet,5/29/2007,Large,0
Kismet,7/4/2007,Small,6
Kismet,7/4/2007,Large,1
Kismet,7/12/2007,Small,1
Kismet,7/12/2007,Large,0
Kismet,8/13/2007,Small,8
Kismet,8/13/2007,Large,0
Kismet,8/19/2007,Small,3
Kismet,8/19/2007,Large,0
Kismet,10/14/2007,Small,3
Kismet,10/14/2007,Large,0
Kismet,10/30/2007,Small,1
Kismet,10/30/2007,Large,0
Kismet,10/31/2007,Small,2
Kismet,10/31/2007,Large,0
Kismet,11/14/2007,Small,8
Kismet,11/14/2007,Large,0
Kismet,11/17/2007,Small,4
Kismet,11/17/2007,Large,0
Kismet,12/6/2007,Small,0
Kismet,12/6/2007,Large,0
Kismet,12/29/2014,Small,0
Kismet,12/29/2014,Large,0
Kismet,12/14/2014,Small,0
Kismet,12/14/2014,Large,0
Kismet,10/30/2014,Small,2
Kismet,10/30/2014,Large,0
Kismet,10/25/2014,Small,7
Kismet,10/25/2014,Large,0
Kismet,11/15/2014,Small,0
Kismet,11/15/2014,Large,0
Kismet,10/6/2014,Small,4
Kismet,10/6/2014,Large,0
Kismet,9/5/2014,Small,4
Kismet,9/5/2014,Large,0
Kismet,8/24/2014,Small,2
Kismet,8/24/2014,Large,0
Kismet,8/19/2014,Small,5
Kismet,8/19/2014,Large,0
Kismet,8/17/2014,Small,2
Kismet,8/17/2014,Large,0
Kismet,7/23/2014,Small,0
Kismet,7/23/2014,Large,0
Kismet,6/27/2014,Small,2
Kismet,6/27/2014,Large,0
Kismet,6/14/2014,Small,2
Kismet,6/14/2014,Large,0
Kismet,4/15/2015,Small,0
Kismet,4/15/2015,Large,0
Kismet,4/18/2015,Small,0
Kismet,4/18/2015,Large,0
Kismet,5/29/2015,Small,3
Kismet,5/29/2015,Large,0
Kismet,5/30/2015,Small,5
Kismet,5/30/2015,Large,1
Kismet,6/17/2015,Small,3
Kismet,6/17/2015,Large,1
Kismet,7/11/2015,Small,0
Kismet,7/11/2015,Large,0
Kismet,7/21/2015,Small,0
Kismet,7/21/2015,Large,0
Kismet,8/9/2015,Small,4
Kismet,8/9/2015,Large,0
Kismet,8/15/2015,Small,2
Kismet,8/15/2015,Large,0
Kismet,8/24/2015,Small,0
Kismet,8/24/2015,Large,0
Kismet,10/18/2015,Small,0
Kismet,10/18/2015,Large,0
Kismet,10/22/2015,Small,6
Kismet,10/22/2015,Large,0
Kismet,10/26/2015,Small,2
Kismet,10/26/2015,Large,0
Kismet,10/31/2015,Small,5
Kismet,10/31/2015,Large,0
Kismet,11/4/2015,Small,7
Kismet,11/4/2015,Large,0
Kismet,11/15/2015,Small,2
Kismet,11/15/2015,Large,0
Kismet,12/7/2015,Small,0
Kismet,12/7/2015,Large,0
Kismet,12/12/2015,Small,0
Kismet,12/12/2015,Large,0
Kismet,5/26/2008,Small,3
Kismet,5/26/2008,Large,0
Kismet,6/2/2008,Small,3
Kismet,6/2/2008,Large,0
Kismet,7/21/2008,Small,1
Kismet,7/21/2008,Large,0
Kismet,7/27/2008,Small,2
Kismet,7/27/2008,Large,0
Kismet,7/28/2008,Small,0
Kismet,7/28/2008,Large,0
Kismet,9/4/2008,Small,
Kismet,9/4/2008,Large,
Kismet,9/17/2008,Small,4
Kismet,9/17/2008,Large,0
Kismet,10/2/2008,Small,1
Kismet,10/2/2008,Large,0
Kismet,10/21/2008,Small,2
Kismet,10/21/2008,Large,0
Kismet,11/2/2008,Small,2
Kismet,11/2/2008,Large,0
Kismet,12/14/2008,Small,0
Kismet,12/14/2008,Large,0
Kismet,12/23/2008,Small,0
Kismet,12/23/2008,Large,0
Kismet,1/21/2009,Small,0
Kismet,1/21/2009,Large,0
Kismet,12/23/2008,Small,0
Kismet,12/23/2008,Large,0
Matinecock,4/7/1995,Small,0
Matinecock,4/7/1995,Large,3
Matinecock,5/14/1995,Small,1
Matinecock,5/14/1995,Large,1
Matinecock,6/10/1995,Small,0
Matinecock,6/10/1995,Large,0
Matinecock,7/9/1995,Small,5
Matinecock,7/9/1995,Large,0
Matinecock,8/19/1995,Small,0
Matinecock,8/19/1995,Large,0
Matinecock,9/2/1995,Small,0
Matinecock,9/2/1995,Large,0
Matinecock,10/9/1995,Small,2
Matinecock,10/9/1995,Large,0
Matinecock,11/17/1995,Small,0
Matinecock,11/17/1995,Large,0
Matinecock,4/21/1996,Small,0
Matinecock,4/21/1996,Large,0
Matinecock,5/22/1996,Small,0
Matinecock,5/22/1996,Large,0
Matinecock,6/26/1996,Small,0
Matinecock,6/26/1996,Large,0
Matinecock,7/6/1996,Small,0
Matinecock,7/6/1996,Large,0
Matinecock,8/25/1996,Small,4
Matinecock,8/25/1996,Large,0
Matinecock,9/21/1996,Small,1
Matinecock,9/21/1996,Large,0
Matinecock,10/26/1996,Small,0
Matinecock,10/26/1996,Large,0
Matinecock,11/11/1996,Small,0
Matinecock,11/11/1996,Large,0
Matinecock,4/22/1997,Small,0
Matinecock,4/22/1997,Large,0
Matinecock,4/26/1997,Small,0
Matinecock,4/26/1997,Large,0
Matinecock,5/11/1997,Small,0
Matinecock,5/11/1997,Large,0
Matinecock,5/27/1997,Small,0
Matinecock,5/27/1997,Large,0
Matinecock,7/5/1997,Small,8
Matinecock,7/5/1997,Large,3
Matinecock,7/29/1997,Small,1
Matinecock,7/29/1997,Large,0
Matinecock,8/16/1997,Small,7
Matinecock,8/16/1997,Large,0
Matinecock,8/25/1997,Small,5
Matinecock,8/25/1997,Large,0
Matinecock,9/4/1997,Small,0
Matinecock,9/4/1997,Large,0
Matinecock,9/14/1997,Small,7
Matinecock,9/14/1997,Large,0
Matinecock,10/4/1997,Small,0
Matinecock,10/4/1997,Large,0
Matinecock,10/8/1997,Small,0
Matinecock,10/8/1997,Large,0
Matinecock,11/21/1997,Small,2
Matinecock,11/21/1997,Large,0
Matinecock,5/3/2000,Small,1
Matinecock,5/3/2000,Large,0
Matinecock,5/27/2000,Small,16
Matinecock,5/27/2000,Large,0
Matinecock,6/10/2000,Small,12
Matinecock,6/10/2000,Large,0
Matinecock,6/30/2000,Small,10
Matinecock,6/30/2000,Large,0
Matinecock,5/11/2001,Small,1
Matinecock,5/11/2001,Large,0
Matinecock,6/9/2001,Small,20
Matinecock,6/9/2001,Large,1
Matinecock,6/21/2001,Small,0
Matinecock,6/21/2001,Large,1
Matinecock,7/7/2001,Small,12
Matinecock,7/7/2001,Large,0
Matinecock,7/30/2001,Small,0
Matinecock,7/30/2001,Large,0
Matinecock,8/16/2001,Small,0
Matinecock,8/16/2001,Large,0
Matinecock,10/25/2001,Small,0
Matinecock,10/25/2001,Large,0
Matinecock,11/21/2001,Small,0
Matinecock,11/21/2001,Large,0
Matinecock,12/1/2001,Small,0
Matinecock,12/1/2001,Large,0
Matinecock,12/22/2001,Small,0
Matinecock,12/22/2001,Large,0
Matinecock,6/8/2002,Small,3
Matinecock,6/8/2002,Large,0
Matinecock,6/26/2002,Small,3
Matinecock,6/26/2002,Large,0
Matinecock,7/8/2002,Small,4
Matinecock,7/8/2002,Large,0
Matinecock,7/30/2002,Small,1
Matinecock,7/30/2002,Large,0
Matinecock,8/25/2002,Small,2
Matinecock,8/25/2002,Large,0
Matinecock,8/26/2002,Small,1
Matinecock,8/26/2002,Large,0
Matinecock,9/10/2002,Small,0
Matinecock,9/10/2002,Large,0
Matinecock,9/13/2002,Small,1
Matinecock,9/13/2002,Large,0
Matinecock,9/29/2002,Small,2
Matinecock,9/29/2002,Large,0
Matinecock,10/15/2002,Small,0
Matinecock,10/15/2002,Large,0
Matinecock,10/31/2002,Small,0
Matinecock,10/31/2002,Large,0
Matinecock,11/15/2002,Small,7
Matinecock,11/15/2002,Large,1
Matinecock,12/7/2002,Small,0
Matinecock,12/7/2002,Large,0
Matinecock,12/13/2002,Small,0
Matinecock,12/13/2002,Large,0
Matinecock,5/29/2003,Small,0
Matinecock,5/29/2003,Large,0
Matinecock,5/31/2003,Small,0
Matinecock,5/31/2003,Large,0
Matinecock,6/6/2003,Small,6
Matinecock,6/6/2003,Large,1
Matinecock,6/24/2003,Small,9
Matinecock,6/24/2003,Large,0
Matinecock,7/6/2003,Small,5
Matinecock,7/6/2003,Large,0
Matinecock,7/18/2003,Small,2
Matinecock,7/18/2003,Large,0
Matinecock,8/19/2003,Small,1
Matinecock,8/19/2003,Large,0
Matinecock,8/28/2003,Small,0
Matinecock,8/28/2003,Large,0
Matinecock,9/5/2003,Small,1
Matinecock,9/5/2003,Large,0
Matinecock,9/6/2003,Small,9
Matinecock,9/6/2003,Large,0
Matinecock,9/30/2003,Small,4
Matinecock,9/30/2003,Large,0
Matinecock,10/18/2003,Small,8
Matinecock,10/18/2003,Large,0
Matinecock,10/30/2003,Small,6
Matinecock,10/30/2003,Large,0
Matinecock,11/22/2003,Small,0
Matinecock,11/22/2003,Large,0
Matinecock,12/9/2003,Small,0
Matinecock,12/9/2003,Large,0
Matinecock,12/12/2003,Small,1
Matinecock,12/12/2003,Large,0
Matinecock,5/7/2004,Small,2
Matinecock,5/7/2004,Large,0
Matinecock,6/5/2004,Small,4
Matinecock,6/5/2004,Large,0
Matinecock,6/12/2004,Small,1
Matinecock,6/12/2004,Large,0
Matinecock,6/28/2004,Small,10
Matinecock,6/28/2004,Large,0
Matinecock,7/26/2004,Small,1
Matinecock,7/26/2004,Large,0
Matinecock,8/4/2004,Small,1
Matinecock,8/4/2004,Large,0
Matinecock,8/14/2004,Small,1
Matinecock,8/14/2004,Large,0
Matinecock,8/28/2004,Small,3
Matinecock,8/28/2004,Large,0
Matinecock,9/21/2004,Small,
Matinecock,9/21/2004,Large,
Matinecock,10/4/2004,Small,4
Matinecock,10/4/2004,Large,0
Matinecock,10/31/2004,Small,0
Matinecock,10/31/2004,Large,0
Matinecock,11/16/2004,Small,1
Matinecock,11/16/2004,Large,0
Matinecock,11/17/2004,Small,2
Matinecock,11/17/2004,Large,0
Matinecock,12/12/2004,Small,0
Matinecock,12/12/2004,Large,0
Matinecock,12/16/2004,Small,0
Matinecock,12/16/2004,Large,0
Matinecock,12/26/2004,Small,0
Matinecock,12/26/2004,Large,0
Matinecock,12/23/2008,Small,0
Matinecock,12/23/2008,Large,0
Matinecock,1/21/2009,Small,0
Matinecock,1/21/2009,Large,0
Matinecock,5/29/2006,Small,6
Matinecock,5/29/2006,Large,0
Matinecock,9/13/2006,Small,5
Matinecock,9/13/2006,Large,0
Matinecock,10/31/2006,Small,3
Matinecock,10/31/2006,Large,0
Matinecock,11/3/2006,Small,0
Matinecock,11/3/2006,Large,0
Matinecock,12/19/2006,Small,0
Matinecock,12/19/2006,Large,0
Matinecock,5/13/2007,Small,0
Matinecock,5/13/2007,Large,0
Matinecock,5/22/2007,Small,0
Matinecock,5/22/2007,Large,0
Matinecock,5/29/2007,Small,0
Matinecock,5/29/2007,Large,0
Matinecock,7/12/2007,Small,0
Matinecock,7/12/2007,Large,0
Matinecock,8/13/2007,Small,3
Matinecock,8/13/2007,Large,0
Matinecock,8/19/2007,Small,0
Matinecock,8/19/2007,Large,0
Matinecock,10/14/2007,Small,2
Matinecock,10/14/2007,Large,0
Matinecock,10/30/2007,Small,0
Matinecock,10/30/2007,Large,0
Matinecock,10/31/2007,Small,1
Matinecock,10/31/2007,Large,0
Matinecock,11/14/2007,Small,2
Matinecock,11/14/2007,Large,0
Matinecock,11/17/2007,Small,0
Matinecock,11/17/2007,Large,0
Matinecock,12/6/2007,Small,0
Matinecock,12/6/2007,Large,0
Matinecock,12/29/2014,Small,0
Matinecock,12/29/2014,Large,0
Matinecock,12/14/2014,Small,0
Matinecock,12/14/2014,Large,0
Matinecock,10/30/2014,Small,2
Matinecock,10/30/2014,Large,0
Matinecock,10/25/2014,Small,7
Matinecock,10/25/2014,Large,0
Matinecock,11/15/2014,Small,0
Matinecock,11/15/2014,Large,0
Matinecock,10/6/2014,Small,7
Matinecock,10/6/2014,Large,0
Matinecock,9/5/2014,Small,16
Matinecock,9/5/2014,Large,0
Matinecock,8/24/2014,Small,2
Matinecock,8/24/2014,Large,0
Matinecock,8/19/2014,Small,1
Matinecock,8/19/2014,Large,0
Matinecock,8/17/2014,Small,2
Matinecock,8/17/2014,Large,0
Matinecock,7/23/2014,Small,1
Matinecock,7/23/2014,Large,0
Matinecock,6/27/2014,Small,7
Matinecock,6/27/2014,Large,0
Matinecock,6/14/2014,Small,2
Matinecock,6/14/2014,Large,0
Matinecock,4/15/2015,Small,0
Matinecock,4/15/2015,Large,0
Matinecock,4/18/2015,Small,0
Matinecock,4/18/2015,Large,0
Matinecock,5/29/2015,Small,0
Matinecock,5/29/2015,Large,0
Matinecock,5/30/2015,Small,3
Matinecock,5/30/2015,Large,0
Matinecock,6/17/2015,Small,5
Matinecock,6/17/2015,Large,0
Matinecock,7/11/2015,Small,6
Matinecock,7/11/2015,Large,0
Matinecock,7/21/2015,Small,1
Matinecock,7/21/2015,Large,0
Matinecock,8/9/2015,Small,3
Matinecock,8/9/2015,Large,0
Matinecock,8/15/2015,Small,11
Matinecock,8/15/2015,Large,0
Matinecock,8/24/2015,Small,2
Matinecock,8/24/2015,Large,0
Matinecock,10/18/2015,Small,0
Matinecock,10/18/2015,Large,0
Matinecock,10/22/2015,Small,1
Matinecock,10/22/2015,Large,0
Matinecock,10/26/2015,Small,0
Matinecock,10/26/2015,Large,0
Matinecock,10/31/2015,Small,3
Matinecock,10/31/2015,Large,0
Matinecock,11/4/2015,Small,3
Matinecock,11/4/2015,Large,0
Matinecock,11/15/2015,Small,1
Matinecock,11/15/2015,Large,0
Matinecock,12/7/2015,Small,0
Matinecock,12/7/2015,Large,0
Matinecock,12/12/2015,Small,1
Matinecock,12/12/2015,Large,0
Matinecock,5/26/2008,Small,6
Matinecock,5/26/2008,Large,0
Matinecock,6/2/2008,Small,1
Matinecock,6/2/2008,Large,0
Matinecock,7/21/2008,Small,2
Matinecock,7/21/2008,Large,0
Matinecock,7/28/2008,Small,1
Matinecock,7/28/2008,Large,0
Matinecock,9/4/2008,Small,4
Matinecock,9/4/2008,Large,0
Matinecock,9/17/2008,Small,1
Matinecock,9/17/2008,Large,0
Matinecock,10/2/2008,Small,0
Matinecock,10/2/2008,Large,0
Matinecock,10/21/2008,Small,0
Matinecock,10/21/2008,Large,0
Matinecock,11/2/2008,Small,0
Matinecock,11/2/2008,Large,0
Matinecock,12/14/2008,Small,0
Matinecock,12/14/2008,Large,0
Matinecock,12/23/2008,Small,0
Matinecock,12/23/2008,Large,0
Matinecock,1/21/2009,Small,0
Matinecock,1/21/2009,Large,0
McAllister,4/7/1995,Small,0
McAllister,4/7/1995,Large,0
McAllister,5/14/1995,Small,0
McAllister,5/14/1995,Large,0
McAllister,6/10/1995,Small,4
McAllister,6/10/1995,Large,0
McAllister,7/9/1995,Small,4
McAllister,7/9/1995,Large,0
McAllister,8/19/1995,Small,0
McAllister,8/19/1995,Large,0
McAllister,9/2/1995,Small,2
McAllister,9/2/1995,Large,1
McAllister,10/9/1995,Small,6
McAllister,10/9/1995,Large,2
McAllister,11/17/1995,Small,0
McAllister,11/17/1995,Large,0
McAllister,4/21/1996,Small,0
McAllister,4/21/1996,Large,0
McAllister,5/22/1996,Small,0
McAllister,5/22/1996,Large,1
McAllister,6/26/1996,Small,2
McAllister,6/26/1996,Large,0
McAllister,7/6/1996,Small,2
McAllister,7/6/1996,Large,0
McAllister,8/25/1996,Small,0
McAllister,8/25/1996,Large,0
McAllister,9/21/1996,Small,19
McAllister,9/21/1996,Large,1
McAllister,10/26/1996,Small,0
McAllister,10/26/1996,Large,0
McAllister,11/11/1996,Small,2
McAllister,11/11/1996,Large,0
McAllister,4/22/1997,Small,0
McAllister,4/22/1997,Large,0
McAllister,4/26/1997,Small,0
McAllister,4/26/1997,Large,0
McAllister,5/11/1997,Small,0
McAllister,5/11/1997,Large,0
McAllister,5/27/1997,Small,0
McAllister,5/27/1997,Large,0
McAllister,7/5/1997,Small,0
McAllister,7/5/1997,Large,0
McAllister,7/29/1997,Small,0
McAllister,7/29/1997,Large,0
McAllister,8/16/1997,Small,0
McAllister,8/16/1997,Large,0
McAllister,8/25/1997,Small,0
McAllister,8/25/1997,Large,0
McAllister,9/4/1997,Small,1
McAllister,9/4/1997,Large,0
McAllister,9/14/1997,Small,3
McAllister,9/14/1997,Large,0
McAllister,10/4/1997,Small,0
McAllister,10/4/1997,Large,0
McAllister,10/8/1997,Small,0
McAllister,10/8/1997,Large,0
McAllister,11/21/1997,Small,0
McAllister,11/21/1997,Large,0
McAllister,5/3/2000,Small,0
McAllister,5/3/2000,Large,0
McAllister,5/27/2000,Small,0
McAllister,5/27/2000,Large,0
McAllister,6/10/2000,Small,4
McAllister,6/10/2000,Large,0
McAllister,6/30/2000,Small,6
McAllister,6/30/2000,Large,0
McAllister,5/11/2001,Small,1
McAllister,5/11/2001,Large,0
McAllister,6/9/2001,Small,18
McAllister,6/9/2001,Large,2
McAllister,6/21/2001,Small,0
McAllister,6/21/2001,Large,0
McAllister,7/7/2001,Small,14
McAllister,7/7/2001,Large,2
McAllister,7/30/2001,Small,0
McAllister,7/30/2001,Large,1
McAllister,8/16/2001,Small,3
McAllister,8/16/2001,Large,0
McAllister,10/25/2001,Small,0
McAllister,10/25/2001,Large,0
McAllister,11/21/2001,Small,1
McAllister,11/21/2001,Large,0
McAllister,12/1/2001,Small,0
McAllister,12/1/2001,Large,0
McAllister,12/22/2001,Small,0
McAllister,12/22/2001,Large,0
McAllister,6/8/2002,Small,7
McAllister,6/8/2002,Large,1
McAllister,6/26/2002,Small,0
McAllister,6/26/2002,Large,0
McAllister,7/8/2002,Small,4
McAllister,7/8/2002,Large,0
McAllister,7/30/2002,Small,2
McAllister,7/30/2002,Large,1
McAllister,8/25/2002,Small,26
McAllister,8/25/2002,Large,0
McAllister,8/26/2002,Small,3
McAllister,8/26/2002,Large,1
McAllister,9/10/2002,Small,1
McAllister,9/10/2002,Large,0
McAllister,9/13/2002,Small,1
McAllister,9/13/2002,Large,0
McAllister,9/29/2002,Small,4
McAllister,9/29/2002,Large,4
McAllister,10/15/2002,Small,1
McAllister,10/15/2002,Large,0
McAllister,10/31/2002,Small,2
McAllister,10/31/2002,Large,0
McAllister,11/15/2002,Small,2
McAllister,11/15/2002,Large,0
McAllister,12/7/2002,Small,2
McAllister,12/7/2002,Large,0
McAllister,12/13/2002,Small,1
McAllister,12/13/2002,Large,0
McAllister,5/29/2003,Small,3
McAllister,5/29/2003,Large,0
McAllister,5/31/2003,Small,2
McAllister,5/31/2003,Large,1
McAllister,6/6/2003,Small,5
McAllister,6/6/2003,Large,0
McAllister,6/24/2003,Small,5
McAllister,6/24/2003,Large,1
McAllister,7/6/2003,Small,7
McAllister,7/6/2003,Large,1
McAllister,7/18/2003,Small,10
McAllister,7/18/2003,Large,2
McAllister,8/19/2003,Small,5
McAllister,8/19/2003,Large,0
McAllister,8/28/2003,Small,0
McAllister,8/28/2003,Large,0
McAllister,9/5/2003,Small,0
McAllister,9/5/2003,Large,0
McAllister,9/6/2003,Small,3
McAllister,9/6/2003,Large,1
McAllister,9/30/2003,Small,2
McAllister,9/30/2003,Large,0
McAllister,10/18/2003,Small,9
McAllister,10/18/2003,Large,1
McAllister,10/30/2003,Small,1
McAllister,10/30/2003,Large,0
McAllister,11/22/2003,Small,5
McAllister,11/22/2003,Large,0
McAllister,12/9/2003,Small,3
McAllister,12/9/2003,Large,0
McAllister,12/12/2003,Small,0
McAllister,12/12/2003,Large,0
McAllister,5/7/2004,Small,0
McAllister,5/7/2004,Large,0
McAllister,6/5/2004,Small,0
McAllister,6/5/2004,Large,0
McAllister,6/12/2004,Small,12
McAllister,6/12/2004,Large,1
McAllister,6/28/2004,Small,6
McAllister,6/28/2004,Large,1
McAllister,7/26/2004,Small,1
McAllister,7/26/2004,Large,0
McAllister,8/4/2004,Small,2
McAllister,8/4/2004,Large,0
McAllister,8/14/2004,Small,1
McAllister,8/14/2004,Large,0
McAllister,8/28/2004,Small,4
McAllister,8/28/2004,Large,1
McAllister,9/21/2004,Small,1
McAllister,9/21/2004,Large,1
McAllister,10/4/2004,Small,21
McAllister,10/4/2004,Large,0
McAllister,10/31/2004,Small,0
McAllister,10/31/2004,Large,0
McAllister,11/16/2004,Small,3
McAllister,11/16/2004,Large,0
McAllister,11/17/2004,Small,4
McAllister,11/17/2004,Large,0
McAllister,12/12/2004,Small,0
McAllister,12/12/2004,Large,0
McAllister,12/16/2004,Small,0
McAllister,12/16/2004,Large,0
McAllister,12/26/2004,Small,0
McAllister,12/26/2004,Large,0
McAllister,5/30/2005,Small,7
McAllister,5/30/2005,Large,0
McAllister,5/31/2005,Small,1
McAllister,5/31/2005,Large,0
McAllister,6/1/2005,Small,1
McAllister,6/1/2005,Large,0
McAllister,6/12/2005,Small,0
McAllister,6/12/2005,Large,0
McAllister,8/18/2005,Small,1
McAllister,8/18/2005,Large,1
McAllister,8/23/2005,Small,6
McAllister,8/23/2005,Large,0
McAllister,9/23/2005,Small,3
McAllister,9/23/2005,Large,1
McAllister,10/2/2005,Small,13
McAllister,10/2/2005,Large,1
McAllister,12/23/2008,Small,1
McAllister,12/23/2008,Large,0
McAllister,1/21/2009,Small,0
McAllister,1/21/2009,Large,0
McAllister,5/29/2006,Small,9
McAllister,5/29/2006,Large,0
McAllister,9/13/2006,Small,0
McAllister,9/13/2006,Large,0
McAllister,10/31/2006,Small,2
McAllister,10/31/2006,Large,0
McAllister,11/3/2006,Small,1
McAllister,11/3/2006,Large,0
McAllister,12/19/2006,Small,1
McAllister,12/19/2006,Large,0
McAllister,5/13/2007,Small,1
McAllister,5/13/2007,Large,1
McAllister,5/22/2007,Small,9
McAllister,5/22/2007,Large,1
McAllister,5/29/2007,Small,2
McAllister,5/29/2007,Large,0
McAllister,7/4/2007,Small,2
McAllister,7/4/2007,Large,2
McAllister,7/12/2007,Small,6
McAllister,7/12/2007,Large,2
McAllister,8/13/2007,Small,6
McAllister,8/13/2007,Large,0
McAllister,8/19/2007,Small,23
McAllister,8/19/2007,Large,1
McAllister,10/14/2007,Small,0
McAllister,10/14/2007,Large,0
McAllister,10/30/2007,Small,8
McAllister,10/30/2007,Large,0
McAllister,10/31/2007,Small,8
McAllister,10/31/2007,Large,0
McAllister,11/14/2007,Small,3
McAllister,11/14/2007,Large,0
McAllister,11/17/2007,Small,1
McAllister,11/17/2007,Large,0
McAllister,12/6/2007,Small,0
McAllister,12/6/2007,Large,0
McAllister,12/29/2014,Small,0
McAllister,12/29/2014,Large,0
McAllister,12/14/2014,Small,0
McAllister,12/14/2014,Large,0
McAllister,10/30/2014,Small,8
McAllister,10/30/2014,Large,0
McAllister,10/25/2014,Small,4
McAllister,10/25/2014,Large,1
McAllister,11/15/2014,Small,3
McAllister,11/15/2014,Large,0
McAllister,10/6/2014,Small,0
McAllister,10/6/2014,Large,1
McAllister,9/5/2014,Small,6
McAllister,9/5/2014,Large,0
McAllister,8/24/2014,Small,1
McAllister,8/24/2014,Large,0
McAllister,8/19/2014,Small,5
McAllister,8/19/2014,Large,0
McAllister,8/17/2014,Small,7
McAllister,8/17/2014,Large,0
McAllister,7/23/2014,Small,2
McAllister,7/23/2014,Large,0
McAllister,6/27/2014,Small,3
McAllister,6/27/2014,Large,0
McAllister,6/14/2014,Small,5
McAllister,6/14/2014,Large,1
McAllister,4/15/2015,Small,0
McAllister,4/15/2015,Large,0
McAllister,4/18/2015,Small,0
McAllister,4/18/2015,Large,0
McAllister,5/29/2015,Small,1
McAllister,5/29/2015,Large,0
McAllister,5/30/2015,Small,1
McAllister,5/30/2015,Large,0
McAllister,6/17/2015,Small,19
McAllister,6/17/2015,Large,2
McAllister,7/11/2015,Small,43
McAllister,7/11/2015,Large,0
McAllister,7/21/2015,Small,8
McAllister,7/21/2015,Large,1
McAllister,8/9/2015,Small,10
McAllister,8/9/2015,Large,0
McAllister,8/15/2015,Small,11
McAllister,8/15/2015,Large,0
McAllister,8/24/2015,Small,6
McAllister,8/24/2015,Large,1
McAllister,10/18/2015,Small,5
McAllister,10/18/2015,Large,1
McAllister,10/22/2015,Small,6
McAllister,10/22/2015,Large,0
McAllister,10/26/2015,Small,2
McAllister,10/26/2015,Large,0
McAllister,10/31/2015,Small,8
McAllister,10/31/2015,Large,0
McAllister,11/4/2015,Small,19
McAllister,11/4/2015,Large,0
McAllister,11/15/2015,Small,2
McAllister,11/15/2015,Large,0
McAllister,12/7/2015,Small,1
McAllister,12/7/2015,Large,0
McAllister,12/12/2015,Small,3
McAllister,12/12/2015,Large,0
McAllister,5/26/2008,Small,0
McAllister,5/26/2008,Large,1
McAllister,6/2/2008,Small,0
McAllister,6/2/2008,Large,0
McAllister,7/21/2008,Small,1
McAllister,7/21/2008,Large,0
McAllister,7/28/2008,Small,3
McAllister,7/28/2008,Large,1
McAllister,9/17/2008,Small,8
McAllister,9/17/2008,Large,0
McAllister,10/2/2008,Small,0
McAllister,10/2/2008,Large,0
McAllister,10/21/2008,Small,0
McAllister,10/21/2008,Large,0
McAllister,11/2/2008,Small,6
McAllister,11/2/2008,Large,1
McAllister,12/14/2008,Small,1
McAllister,12/14/2008,Large,0
McAllister,12/23/2008,Small,0
McAllister,12/23/2008,Large,0
McAllister,1/21/2009,Small,0
McAllister,1/21/2009,Large,0
Moriches,4/7/1995,Small,0
Moriches,4/7/1995,Large,0
Moriches,5/14/1995,Small,0
Moriches,5/14/1995,Large,0
Moriches,6/10/1995,Small,0
Moriches,6/10/1995,Large,0
Moriches,7/9/1995,Small,0
Moriches,7/9/1995,Large,0
Moriches,8/19/1995,Small,0
Moriches,8/19/1995,Large,0
Moriches,9/2/1995,Small,3
Moriches,9/2/1995,Large,0
Moriches,10/9/1995,Small,0
Moriches,10/9/1995,Large,0
Moriches,11/17/1995,Small,2
Moriches,11/17/1995,Large,0
Moriches,4/21/1996,Small,1
Moriches,4/21/1996,Large,0
Moriches,5/22/1996,Small,0
Moriches,5/22/1996,Large,0
Moriches,6/26/1996,Small,0
Moriches,6/26/1996,Large,0
Moriches,7/6/1996,Small,0
Moriches,7/6/1996,Large,0
Moriches,8/25/1996,Small,0
Moriches,8/25/1996,Large,0
Moriches,9/21/1996,Small,0
Moriches,9/21/1996,Large,0
Moriches,10/26/1996,Small,0
Moriches,10/26/1996,Large,0
Moriches,11/11/1996,Small,0
Moriches,11/11/1996,Large,0
Moriches,4/22/1997,Small,0
Moriches,4/22/1997,Large,0
Moriches,4/26/1997,Small,0
Moriches,4/26/1997,Large,0
Moriches,5/11/1997,Small,0
Moriches,5/11/1997,Large,0
Moriches,5/27/1997,Small,0
Moriches,5/27/1997,Large,0
Moriches,7/5/1997,Small,2
Moriches,7/5/1997,Large,0
Moriches,7/29/1997,Small,0
Moriches,7/29/1997,Large,0
Moriches,8/16/1997,Small,1
Moriches,8/16/1997,Large,0
Moriches,8/25/1997,Small,4
Moriches,8/25/1997,Large,6
Moriches,9/4/1997,Small,0
Moriches,9/4/1997,Large,0
Moriches,9/14/1997,Small,1
Moriches,9/14/1997,Large,1
Moriches,10/4/1997,Small,3
Moriches,10/4/1997,Large,0
Moriches,10/8/1997,Small,2
Moriches,10/8/1997,Large,0
Moriches,11/21/1997,Small,1
Moriches,11/21/1997,Large,0
Moriches,5/3/2000,Small,3
Moriches,5/3/2000,Large,0
Moriches,5/27/2000,Small,4
Moriches,5/27/2000,Large,0
Moriches,6/10/2000,Small,7
Moriches,6/10/2000,Large,0
Moriches,6/30/2000,Small,3
Moriches,6/30/2000,Large,0
Moriches,5/11/2001,Small,0
Moriches,5/11/2001,Large,0
Moriches,6/9/2001,Small,10
Moriches,6/9/2001,Large,0
Moriches,6/21/2001,Small,0
Moriches,6/21/2001,Large,2
Moriches,7/7/2001,Small,13
Moriches,7/7/2001,Large,0
Moriches,7/30/2001,Small,0
Moriches,7/30/2001,Large,0
Moriches,8/16/2001,Small,7
Moriches,8/16/2001,Large,0
Moriches,10/25/2001,Small,0
Moriches,10/25/2001,Large,0
Moriches,11/21/2001,Small,2
Moriches,11/21/2001,Large,0
Moriches,12/1/2001,Small,0
Moriches,12/1/2001,Large,0
Moriches,12/22/2001,Small,0
Moriches,12/22/2001,Large,0
Moriches,6/8/2002,Small,8
Moriches,6/8/2002,Large,0
Moriches,6/26/2002,Small,1
Moriches,6/26/2002,Large,0
Moriches,7/8/2002,Small,4
Moriches,7/8/2002,Large,0
Moriches,7/30/2002,Small,0
Moriches,7/30/2002,Large,0
Moriches,8/25/2002,Small,18
Moriches,8/25/2002,Large,0
Moriches,8/26/2002,Small,5
Moriches,8/26/2002,Large,0
Moriches,9/13/2002,Small,3
Moriches,9/13/2002,Large,1
Moriches,9/29/2002,Small,5
Moriches,9/29/2002,Large,0
Moriches,10/15/2002,Small,0
Moriches,10/15/2002,Large,0
Moriches,10/31/2002,Small,0
Moriches,10/31/2002,Large,0
Moriches,11/15/2002,Small,0
Moriches,11/15/2002,Large,0
Moriches,12/7/2002,Small,0
Moriches,12/7/2002,Large,0
Moriches,12/13/2002,Small,2
Moriches,12/13/2002,Large,0
Moriches,5/29/2003,Small,1
Moriches,5/29/2003,Large,0
Moriches,5/31/2003,Small,5
Moriches,5/31/2003,Large,0
Moriches,6/6/2003,Small,5
Moriches,6/6/2003,Large,0
Moriches,6/24/2003,Small,14
Moriches,6/24/2003,Large,0
Moriches,7/6/2003,Small,1
Moriches,7/6/2003,Large,0
Moriches,7/18/2003,Small,1
Moriches,7/18/2003,Large,0
Moriches,8/19/2003,Small,2
Moriches,8/19/2003,Large,0
Moriches,8/28/2003,Small,0
Moriches,8/28/2003,Large,0
Moriches,9/5/2003,Small,0
Moriches,9/5/2003,Large,0
Moriches,9/6/2003,Small,0
Moriches,9/6/2003,Large,0
Moriches,9/30/2003,Small,10
Moriches,9/30/2003,Large,0
Moriches,10/18/2003,Small,13
Moriches,10/18/2003,Large,0
Moriches,10/30/2003,Small,3
Moriches,10/30/2003,Large,0
Moriches,11/22/2003,Small,9
Moriches,11/22/2003,Large,0
Moriches,12/9/2003,Small,0
Moriches,12/9/2003,Large,0
Moriches,12/12/2003,Small,0
Moriches,12/12/2003,Large,0
Moriches,5/7/2004,Small,0
Moriches,5/7/2004,Large,0
Moriches,6/5/2004,Small,0
Moriches,6/5/2004,Large,0
Moriches,6/12/2004,Small,9
Moriches,6/12/2004,Large,0
Moriches,6/28/2004,Small,0
Moriches,6/28/2004,Large,0
Moriches,7/26/2004,Small,0
Moriches,7/26/2004,Large,0
Moriches,8/4/2004,Small,1
Moriches,8/4/2004,Large,0
Moriches,8/14/2004,Small,0
Moriches,8/14/2004,Large,0
Moriches,8/28/2004,Small,3
Moriches,8/28/2004,Large,0
Moriches,9/21/2004,Small,1
Moriches,9/21/2004,Large,0
Moriches,10/4/2004,Small,10
Moriches,10/4/2004,Large,0
Moriches,10/31/2004,Small,0
Moriches,10/31/2004,Large,0
Moriches,11/16/2004,Small,7
Moriches,11/16/2004,Large,0
Moriches,11/17/2004,Small,8
Moriches,11/17/2004,Large,0
Moriches,12/12/2004,Small,0
Moriches,12/12/2004,Large,0
Moriches,12/16/2004,Small,0
Moriches,12/16/2004,Large,0
Moriches,12/26/2004,Small,0
Moriches,12/26/2004,Large,0
Moriches,5/30/2005,Small,4
Moriches,5/30/2005,Large,0
Moriches,5/31/2005,Small,0
Moriches,5/31/2005,Large,0
Moriches,6/1/2005,Small,0
Moriches,6/1/2005,Large,0
Moriches,6/12/2005,Small,0
Moriches,6/12/2005,Large,0
Moriches,8/18/2005,Small,0
Moriches,8/18/2005,Large,0
Moriches,8/23/2005,Small,2
Moriches,8/23/2005,Large,0
Moriches,9/23/2005,Small,2
Moriches,9/23/2005,Large,0
Moriches,10/2/2005,Small,19
Moriches,10/2/2005,Large,0
Moriches,12/23/2008,Small,5
Moriches,12/23/2008,Large,0
Moriches,1/21/2009,Small,0
Moriches,1/21/2009,Large,0
Moriches,5/29/2006,Small,3
Moriches,5/29/2006,Large,0
Moriches,9/13/2006,Small,0
Moriches,9/13/2006,Large,0
Moriches,10/31/2006,Small,6
Moriches,10/31/2006,Large,0
Moriches,11/3/2006,Small,6
Moriches,11/3/2006,Large,0
Moriches,12/19/2006,Small,1
Moriches,12/19/2006,Large,0
Moriches,5/13/2007,Small,0
Moriches,5/13/2007,Large,0
Moriches,5/22/2007,Small,2
Moriches,5/22/2007,Large,0
Moriches,5/29/2007,Small,1
Moriches,5/29/2007,Large,0
Moriches,7/4/2007,Small,1
Moriches,7/4/2007,Large,0
Moriches,7/12/2007,Small,1
Moriches,7/12/2007,Large,0
Moriches,8/13/2007,Small,0
Moriches,8/13/2007,Large,0
Moriches,8/19/2007,Small,15
Moriches,8/19/2007,Large,0
Moriches,10/14/2007,Small,3
Moriches,10/14/2007,Large,0
Moriches,10/30/2007,Small,2
Moriches,10/30/2007,Large,0
Moriches,10/31/2007,Small,8
Moriches,10/31/2007,Large,1
Moriches,11/14/2007,Small,2
Moriches,11/14/2007,Large,1
Moriches,11/17/2007,Small,1
Moriches,11/17/2007,Large,0
Moriches,12/6/2007,Small,1
Moriches,12/6/2007,Large,1
Moriches,12/29/2014,Small,1
Moriches,12/29/2014,Large,0
Moriches,12/14/2014,Small,0
Moriches,12/14/2014,Large,0
Moriches,10/30/2014,Small,3
Moriches,10/30/2014,Large,0
Moriches,10/25/2014,Small,6
Moriches,10/25/2014,Large,0
Moriches,11/15/2014,Small,4
Moriches,11/15/2014,Large,0
Moriches,10/6/2014,Small,0
Moriches,10/6/2014,Large,0
Moriches,9/5/2014,Small,11
Moriches,9/5/2014,Large,0
Moriches,8/24/2014,Small,0
Moriches,8/24/2014,Large,0
Moriches,8/19/2014,Small,1
Moriches,8/19/2014,Large,2
Moriches,8/17/2014,Small,1
Moriches,8/17/2014,Large,0
Moriches,7/23/2014,Small,0
Moriches,7/23/2014,Large,0
Moriches,6/27/2014,Small,0
Moriches,6/27/2014,Large,0
Moriches,6/14/2014,Small,0
Moriches,6/14/2014,Large,0
Moriches,4/15/2015,Small,0
Moriches,4/15/2015,Large,0
Moriches,4/18/2015,Small,0
Moriches,4/18/2015,Large,0
Moriches,5/29/2015,Small,0
Moriches,5/29/2015,Large,0
Moriches,5/30/2015,Small,1
Moriches,5/30/2015,Large,0
Moriches,6/17/2015,Small,3
Moriches,6/17/2015,Large,0
Moriches,7/11/2015,Small,0
Moriches,7/11/2015,Large,0
Moriches,7/21/2015,Small,6
Moriches,7/21/2015,Large,0
Moriches,8/9/2015,Small,3
Moriches,8/9/2015,Large,1
Moriches,8/15/2015,Small,5
Moriches,8/15/2015,Large,0
Moriches,8/24/2015,Small,2
Moriches,8/24/2015,Large,1
Moriches,10/18/2015,Small,0
Moriches,10/18/2015,Large,0
Moriches,10/22/2015,Small,0
Moriches,10/22/2015,Large,0
Moriches,10/26/2015,Small,4
Moriches,10/26/2015,Large,0
Moriches,10/31/2015,Small,11
Moriches,10/31/2015,Large,1
Moriches,11/4/2015,Small,8
Moriches,11/4/2015,Large,0
Moriches,11/15/2015,Small,0
Moriches,11/15/2015,Large,0
Moriches,12/7/2015,Small,0
Moriches,12/7/2015,Large,0
Moriches,12/12/2015,Small,0
Moriches,12/12/2015,Large,1
Moriches,5/26/2008,Small,3
Moriches,5/26/2008,Large,0
Moriches,6/2/2008,Small,0
Moriches,6/2/2008,Large,0
Moriches,7/21/2008,Small,1
Moriches,7/21/2008,Large,0
Moriches,7/27/2008,Small,1
Moriches,7/27/2008,Large,0
Moriches,7/28/2008,Small,2
Moriches,7/28/2008,Large,0
Moriches,9/17/2008,Small,3
Moriches,9/17/2008,Large,0
Moriches,10/2/2008,Small,0
Moriches,10/2/2008,Large,0
Moriches,10/21/2008,Small,0
Moriches,10/21/2008,Large,0
Moriches,11/2/2008,Small,6
Moriches,11/2/2008,Large,1
Moriches,12/14/2008,Small,1
Moriches,12/14/2008,Large,0
Moriches,12/23/2008,Small,0
Moriches,12/23/2008,Large,0
Moriches,1/21/2009,Small,0
Moriches,1/21/2009,Large,0
Rockaway,4/7/1995,Small,0
Rockaway,4/7/1995,Large,0
Rockaway,5/14/1995,Small,9
Rockaway,5/14/1995,Large,0
Rockaway,6/10/1995,Small,4
Rockaway,6/10/1995,Large,0
Rockaway,7/9/1995,Small,40
Rockaway,7/9/1995,Large,0
Rockaway,8/19/1995,Small,0
Rockaway,8/19/1995,Large,0
Rockaway,9/2/1995,Small,37
Rockaway,9/2/1995,Large,7
Rockaway,10/9/1995,Small,36
Rockaway,10/9/1995,Large,5
Rockaway,11/17/1995,Small,2
Rockaway,11/17/1995,Large,0
Rockaway,4/21/1996,Small,0
Rockaway,4/21/1996,Large,0
Rockaway,5/22/1996,Small,5
Rockaway,5/22/1996,Large,1
Rockaway,6/26/1996,Small,2
Rockaway,6/26/1996,Large,2
Rockaway,7/6/1996,Small,50
Rockaway,7/6/1996,Large,10
Rockaway,8/25/1996,Small,4
Rockaway,8/25/1996,Large,0
Rockaway,9/21/1996,Small,51
Rockaway,9/21/1996,Large,1
Rockaway,10/26/1996,Small,1
Rockaway,10/26/1996,Large,0
Rockaway,11/11/1996,Small,1
Rockaway,11/11/1996,Large,0
Rockaway,4/22/1997,Small,2
Rockaway,4/22/1997,Large,0
Rockaway,4/26/1997,Small,1
Rockaway,4/26/1997,Large,0
Rockaway,5/11/1997,Small,5
Rockaway,5/11/1997,Large,4
Rockaway,5/27/1997,Small,6
Rockaway,5/27/1997,Large,0
Rockaway,7/5/1997,Small,51
Rockaway,7/5/1997,Large,11
Rockaway,7/29/1997,Small,4
Rockaway,7/29/1997,Large,2
Rockaway,8/16/1997,Small,14
Rockaway,8/16/1997,Large,4
Rockaway,8/25/1997,Small,12
Rockaway,8/25/1997,Large,0
Rockaway,9/4/1997,Small,0
Rockaway,9/4/1997,Large,1
Rockaway,9/14/1997,Small,38
Rockaway,9/14/1997,Large,4
Rockaway,10/4/1997,Small,39
Rockaway,10/4/1997,Large,1
Rockaway,10/8/1997,Small,19
Rockaway,10/8/1997,Large,1
Rockaway,11/21/1997,Small,4
Rockaway,11/21/1997,Large,0
Rockaway,5/3/2000,Small,9
Rockaway,5/3/2000,Large,1
Rockaway,5/27/2000,Small,18
Rockaway,5/27/2000,Large,3
Rockaway,6/10/2000,Small,61
Rockaway,6/10/2000,Large,5
Rockaway,6/30/2000,Small,17
Rockaway,6/30/2000,Large,8
Rockaway,5/11/2001,Small,1
Rockaway,5/11/2001,Large,0
Rockaway,6/9/2001,Small,9
Rockaway,6/9/2001,Large,0
Rockaway,6/21/2001,Small,0
Rockaway,6/21/2001,Large,3
Rockaway,7/7/2001,Small,55
Rockaway,7/7/2001,Large,1
Rockaway,7/30/2001,Small,0
Rockaway,7/30/2001,Large,1
Rockaway,8/16/2001,Small,13
Rockaway,8/16/2001,Large,0
Rockaway,10/25/2001,Small,3
Rockaway,10/25/2001,Large,0
Rockaway,11/21/2001,Small,4
Rockaway,11/21/2001,Large,0
Rockaway,12/1/2001,Small,4
Rockaway,12/1/2001,Large,0
Rockaway,12/22/2001,Small,0
Rockaway,12/22/2001,Large,0
Rockaway,6/8/2002,Small,6
Rockaway,6/8/2002,Large,2
Rockaway,6/26/2002,Small,8
Rockaway,6/26/2002,Large,5
Rockaway,7/8/2002,Small,8
Rockaway,7/8/2002,Large,4
Rockaway,7/30/2002,Small,9
Rockaway,7/30/2002,Large,2
Rockaway,8/25/2002,Small,61
Rockaway,8/25/2002,Large,1
Rockaway,8/26/2002,Small,7
Rockaway,8/26/2002,Large,0
Rockaway,9/10/2002,Small,10
Rockaway,9/10/2002,Large,1
Rockaway,9/13/2002,Small,7
Rockaway,9/13/2002,Large,0
Rockaway,9/29/2002,Small,35
Rockaway,9/29/2002,Large,3
Rockaway,10/15/2002,Small,4
Rockaway,10/15/2002,Large,0
Rockaway,10/31/2002,Small,13
Rockaway,10/31/2002,Large,1
Rockaway,11/15/2002,Small,7
Rockaway,11/15/2002,Large,1
Rockaway,12/7/2002,Small,0
Rockaway,12/7/2002,Large,0
Rockaway,12/13/2002,Small,0
Rockaway,12/13/2002,Large,0
Rockaway,5/29/2003,Small,11
Rockaway,5/29/2003,Large,4
Rockaway,5/31/2003,Small,23
Rockaway,5/31/2003,Large,6
Rockaway,6/6/2003,Small,22
Rockaway,6/6/2003,Large,4
Rockaway,6/24/2003,Small,32
Rockaway,6/24/2003,Large,5
Rockaway,7/6/2003,Small,55
Rockaway,7/6/2003,Large,0
Rockaway,7/18/2003,Small,15
Rockaway,7/18/2003,Large,2
Rockaway,8/19/2003,Small,21
Rockaway,8/19/2003,Large,2
Rockaway,8/28/2003,Small,20
Rockaway,8/28/2003,Large,5
Rockaway,9/5/2003,Small,1
Rockaway,9/5/2003,Large,1
Rockaway,9/6/2003,Small,20
Rockaway,9/6/2003,Large,1
Rockaway,9/30/2003,Small,5
Rockaway,9/30/2003,Large,3
Rockaway,10/18/2003,Small,19
Rockaway,10/18/2003,Large,4
Rockaway,10/30/2003,Small,15
Rockaway,10/30/2003,Large,0
Rockaway,11/22/2003,Small,15
Rockaway,11/22/2003,Large,0
Rockaway,12/9/2003,Small,1
Rockaway,12/9/2003,Large,0
Rockaway,12/12/2003,Small,0
Rockaway,12/12/2003,Large,0
Rockaway,5/7/2004,Small,2
Rockaway,5/7/2004,Large,0
Rockaway,6/5/2004,Small,3
Rockaway,6/5/2004,Large,0
Rockaway,6/12/2004,Small,68
Rockaway,6/12/2004,Large,4
Rockaway,6/28/2004,Small,8
Rockaway,6/28/2004,Large,0
Rockaway,7/26/2004,Small,0
Rockaway,7/26/2004,Large,0
Rockaway,8/4/2004,Small,9
Rockaway,8/4/2004,Large,0
Rockaway,8/14/2004,Small,0
Rockaway,8/14/2004,Large,0
Rockaway,8/28/2004,Small,36
Rockaway,8/28/2004,Large,0
Rockaway,10/4/2004,Small,67
Rockaway,10/4/2004,Large,2
Rockaway,10/31/2004,Small,17
Rockaway,10/31/2004,Large,2
Rockaway,11/16/2004,Small,10
Rockaway,11/16/2004,Large,0
Rockaway,11/17/2004,Small,24
Rockaway,11/17/2004,Large,0
Rockaway,12/12/2004,Small,4
Rockaway,12/12/2004,Large,0
Rockaway,12/16/2004,Small,1
Rockaway,12/16/2004,Large,1
Rockaway,12/26/2004,Small,0
Rockaway,12/26/2004,Large,1
Rockaway,5/30/2005,Small,15
Rockaway,5/30/2005,Large,0
Rockaway,5/31/2005,Small,0
Rockaway,5/31/2005,Large,0
Rockaway,6/1/2005,Small,1
Rockaway,6/1/2005,Large,0
Rockaway,6/12/2005,Small,0
Rockaway,6/12/2005,Large,0
Rockaway,8/18/2005,Small,4
Rockaway,8/18/2005,Large,0
Rockaway,8/23/2005,Small,11
Rockaway,8/23/2005,Large,0
Rockaway,9/23/2005,Small,8
Rockaway,9/23/2005,Large,6
Rockaway,10/2/2005,Small,61
Rockaway,10/2/2005,Large,4
Rockaway,12/23/2008,Small,0
Rockaway,12/23/2008,Large,0
Rockaway,1/21/2009,Small,0
Rockaway,1/21/2009,Large,0
Rockaway,5/29/2006,Small,33
Rockaway,5/29/2006,Large,0
Rockaway,9/13/2006,Small,0
Rockaway,9/13/2006,Large,0
Rockaway,10/31/2006,Small,13
Rockaway,10/31/2006,Large,0
Rockaway,11/3/2006,Small,1
Rockaway,11/3/2006,Large,1
Rockaway,12/19/2006,Small,0
Rockaway,12/19/2006,Large,0
Rockaway,5/13/2007,Small,5
Rockaway,5/13/2007,Large,0
Rockaway,5/22/2007,Small,4
Rockaway,5/22/2007,Large,0
Rockaway,5/29/2007,Small,4
Rockaway,5/29/2007,Large,1
Rockaway,7/4/2007,Small,15
Rockaway,7/4/2007,Large,0
Rockaway,7/12/2007,Small,9
Rockaway,7/12/2007,Large,0
Rockaway,8/13/2007,Small,13
Rockaway,8/13/2007,Large,1
Rockaway,8/19/2007,Small,46
Rockaway,8/19/2007,Large,0
Rockaway,10/14/2007,Small,9
Rockaway,10/14/2007,Large,1
Rockaway,10/30/2007,Small,28
Rockaway,10/30/2007,Large,1
Rockaway,10/31/2007,Small,16
Rockaway,10/31/2007,Large,0
Rockaway,11/14/2007,Small,12
Rockaway,11/14/2007,Large,0
Rockaway,11/17/2007,Small,5
Rockaway,11/17/2007,Large,0
Rockaway,12/6/2007,Small,1
Rockaway,12/6/2007,Large,0
Rockaway,12/29/2014,Small,0
Rockaway,12/29/2014,Large,0
Rockaway,12/14/2014,Small,0
Rockaway,12/14/2014,Large,0
Rockaway,10/30/2014,Small,11
Rockaway,10/30/2014,Large,2
Rockaway,10/25/2014,Small,18
Rockaway,10/25/2014,Large,1
Rockaway,11/15/2014,Small,9
Rockaway,11/15/2014,Large,2
Rockaway,10/6/2014,Small,0
Rockaway,10/6/2014,Large,2
Rockaway,9/5/2014,Small,27
Rockaway,9/5/2014,Large,2
Rockaway,8/24/2014,Small,2
Rockaway,8/24/2014,Large,0
Rockaway,8/19/2014,Small,3
Rockaway,8/19/2014,Large,0
Rockaway,8/17/2014,Small,14
Rockaway,8/17/2014,Large,0
Rockaway,7/23/2014,Small,11
Rockaway,7/23/2014,Large,3
Rockaway,6/27/2014,Small,3
Rockaway,6/27/2014,Large,0
Rockaway,6/14/2014,Small,2
Rockaway,6/14/2014,Large,0
Rockaway,4/15/2015,Small,0
Rockaway,4/15/2015,Large,0
Rockaway,4/18/2015,Small,2
Rockaway,4/18/2015,Large,0
Rockaway,6/17/2015,Small,5
Rockaway,6/17/2015,Large,0
Rockaway,7/11/2015,Small,47
Rockaway,7/11/2015,Large,2
Rockaway,7/21/2015,Small,14
Rockaway,7/21/2015,Large,0
Rockaway,8/9/2015,Small,13
Rockaway,8/9/2015,Large,0
Rockaway,8/15/2015,Small,31
Rockaway,8/15/2015,Large,0
Rockaway,8/24/2015,Small,7
Rockaway,8/24/2015,Large,0
Rockaway,10/18/2015,Small,6
Rockaway,10/18/2015,Large,0
Rockaway,10/22/2015,Small,24
Rockaway,10/22/2015,Large,1
Rockaway,10/26/2015,Small,28
Rockaway,10/26/2015,Large,2
Rockaway,10/31/2015,Small,4
Rockaway,10/31/2015,Large,1
Rockaway,11/4/2015,Small,15
Rockaway,11/4/2015,Large,0
Rockaway,11/15/2015,Small,10
Rockaway,11/15/2015,Large,0
Rockaway,12/7/2015,Small,4
Rockaway,12/7/2015,Large,0
Rockaway,12/12/2015,Small,13
Rockaway,12/12/2015,Large,0
Rockaway,5/26/2008,Small,6
Rockaway,5/26/2008,Large,0
Rockaway,6/2/2008,Small,2
Rockaway,6/2/2008,Large,0
Rockaway,7/21/2008,Small,0
Rockaway,7/21/2008,Large,0
Rockaway,7/28/2008,Small,2
Rockaway,7/28/2008,Large,0
Rockaway,9/17/2008,Small,16
Rockaway,9/17/2008,Large,3
Rockaway,10/2/2008,Small,2
Rockaway,10/2/2008,Large,3
Rockaway,10/21/2008,Small,1
Rockaway,10/21/2008,Large,2
Rockaway,11/2/2008,Small,23
Rockaway,11/2/2008,Large,2
Rockaway,12/14/2008,Small,3
Rockaway,12/14/2008,Large,0
Rockaway,12/23/2008,Small,1
Rockaway,12/23/2008,Large,0
Rockaway,1/21/2009,Small,0
Rockaway,1/21/2009,Large,0
Shinnecock,4/7/1995,Small,0
Shinnecock,4/7/1995,Large,0
Shinnecock,5/14/1995,Small,1
Shinnecock,5/14/1995,Large,0
Shinnecock,6/10/1995,Small,3
Shinnecock,6/10/1995,Large,0
Shinnecock,7/9/1995,Small,4
Shinnecock,7/9/1995,Large,0
Shinnecock,8/19/1995,Small,0
Shinnecock,8/19/1995,Large,0
Shinnecock,9/2/1995,Small,0
Shinnecock,9/2/1995,Large,0
Shinnecock,10/9/1995,Small,1
Shinnecock,10/9/1995,Large,0
Shinnecock,11/17/1995,Small,2
Shinnecock,11/17/1995,Large,0
Shinnecock,4/21/1996,Small,0
Shinnecock,4/21/1996,Large,0
Shinnecock,5/22/1996,Small,1
Shinnecock,5/22/1996,Large,0
Shinnecock,6/26/1996,Small,0
Shinnecock,6/26/1996,Large,0
Shinnecock,7/6/1996,Small,1
Shinnecock,7/6/1996,Large,0
Shinnecock,8/25/1996,Small,0
Shinnecock,8/25/1996,Large,0
Shinnecock,9/21/1996,Small,0
Shinnecock,9/21/1996,Large,0
Shinnecock,10/26/1996,Small,1
Shinnecock,10/26/1996,Large,0
Shinnecock,11/11/1996,Small,0
Shinnecock,11/11/1996,Large,0
Shinnecock,4/22/1997,Small,0
Shinnecock,4/22/1997,Large,0
Shinnecock,4/26/1997,Small,0
Shinnecock,4/26/1997,Large,1
Shinnecock,5/11/1997,Small,0
Shinnecock,5/11/1997,Large,0
Shinnecock,5/27/1997,Small,0
Shinnecock,5/27/1997,Large,0
Shinnecock,7/5/1997,Small,2
Shinnecock,7/5/1997,Large,0
Shinnecock,7/29/1997,Small,0
Shinnecock,7/29/1997,Large,0
Shinnecock,8/16/1997,Small,1
Shinnecock,8/16/1997,Large,0
Shinnecock,8/25/1997,Small,0
Shinnecock,8/25/1997,Large,0
Shinnecock,9/4/1997,Small,0
Shinnecock,9/4/1997,Large,0
Shinnecock,9/14/1997,Small,8
Shinnecock,9/14/1997,Large,0
Shinnecock,10/4/1997,Small,11
Shinnecock,10/4/1997,Large,6
Shinnecock,10/8/1997,Small,0
Shinnecock,10/8/1997,Large,0
Shinnecock,11/21/1997,Small,0
Shinnecock,11/21/1997,Large,0
Shinnecock,5/3/2000,Small,5
Shinnecock,5/3/2000,Large,0
Shinnecock,5/27/2000,Small,2
Shinnecock,5/27/2000,Large,0
Shinnecock,6/10/2000,Small,5
Shinnecock,6/10/2000,Large,0
Shinnecock,6/30/2000,Small,0
Shinnecock,6/30/2000,Large,0
Shinnecock,5/11/2001,Small,0
Shinnecock,5/11/2001,Large,0
Shinnecock,6/9/2001,Small,7
Shinnecock,6/9/2001,Large,0
Shinnecock,6/21/2001,Small,0
Shinnecock,6/21/2001,Large,0
Shinnecock,7/7/2001,Small,6
Shinnecock,7/7/2001,Large,0
Shinnecock,7/30/2001,Small,0
Shinnecock,7/30/2001,Large,0
Shinnecock,8/16/2001,Small,12
Shinnecock,8/16/2001,Large,0
Shinnecock,10/25/2001,Small,0
Shinnecock,10/25/2001,Large,0
Shinnecock,11/21/2001,Small,0
Shinnecock,11/21/2001,Large,0
Shinnecock,12/1/2001,Small,2
Shinnecock,12/1/2001,Large,0
Shinnecock,12/22/2001,Small,0
Shinnecock,12/22/2001,Large,0
Shinnecock,6/8/2002,Small,6
Shinnecock,6/8/2002,Large,0
Shinnecock,6/26/2002,Small,4
Shinnecock,6/26/2002,Large,1
Shinnecock,7/8/2002,Small,9
Shinnecock,7/8/2002,Large,0
Shinnecock,7/30/2002,Small,3
Shinnecock,7/30/2002,Large,0
Shinnecock,8/25/2002,Small,12
Shinnecock,8/25/2002,Large,0
Shinnecock,8/26/2002,Small,6
Shinnecock,8/26/2002,Large,0
Shinnecock,9/13/2002,Small,15
Shinnecock,9/13/2002,Large,0
Shinnecock,9/29/2002,Small,15
Shinnecock,9/29/2002,Large,0
Shinnecock,10/15/2002,Small,1
Shinnecock,10/15/2002,Large,0
Shinnecock,10/31/2002,Small,0
Shinnecock,10/31/2002,Large,0
Shinnecock,11/15/2002,Small,0
Shinnecock,11/15/2002,Large,0
Shinnecock,12/7/2002,Small,1
Shinnecock,12/7/2002,Large,0
Shinnecock,12/13/2002,Small,4
Shinnecock,12/13/2002,Large,1
Shinnecock,5/29/2003,Small,0
Shinnecock,5/29/2003,Large,0
Shinnecock,5/31/2003,Small,12
Shinnecock,5/31/2003,Large,0
Shinnecock,6/6/2003,Small,0
Shinnecock,6/6/2003,Large,0
Shinnecock,6/24/2003,Small,3
Shinnecock,6/24/2003,Large,0
Shinnecock,7/6/2003,Small,3
Shinnecock,7/6/2003,Large,0
Shinnecock,7/18/2003,Small,3
Shinnecock,7/18/2003,Large,0
Shinnecock,8/19/2003,Small,6
Shinnecock,8/19/2003,Large,0
Shinnecock,8/28/2003,Small,1
Shinnecock,8/28/2003,Large,0
Shinnecock,9/5/2003,Small,0
Shinnecock,9/5/2003,Large,0
Shinnecock,9/6/2003,Small,0
Shinnecock,9/6/2003,Large,0
Shinnecock,9/30/2003,Small,9
Shinnecock,9/30/2003,Large,0
Shinnecock,10/18/2003,Small,8
Shinnecock,10/18/2003,Large,1
Shinnecock,10/30/2003,Small,0
Shinnecock,10/30/2003,Large,0
Shinnecock,11/22/2003,Small,7
Shinnecock,11/22/2003,Large,1
Shinnecock,12/9/2003,Small,1
Shinnecock,12/9/2003,Large,0
Shinnecock,12/12/2003,Small,1
Shinnecock,12/12/2003,Large,0
Shinnecock,5/7/2004,Small,0
Shinnecock,5/7/2004,Large,0
Shinnecock,6/5/2004,Small,2
Shinnecock,6/5/2004,Large,0
Shinnecock,6/12/2004,Small,6
Shinnecock,6/12/2004,Large,0
Shinnecock,6/28/2004,Small,0
Shinnecock,6/28/2004,Large,0
Shinnecock,7/26/2004,Small,0
Shinnecock,7/26/2004,Large,0
Shinnecock,8/4/2004,Small,0
Shinnecock,8/4/2004,Large,0
Shinnecock,8/14/2004,Small,1
Shinnecock,8/14/2004,Large,0
Shinnecock,8/28/2004,Small,1
Shinnecock,8/28/2004,Large,0
Shinnecock,9/21/2004,Small,0
Shinnecock,9/21/2004,Large,0
Shinnecock,10/4/2004,Small,18
Shinnecock,10/4/2004,Large,0
Shinnecock,10/31/2004,Small,2
Shinnecock,10/31/2004,Large,0
Shinnecock,11/16/2004,Small,4
Shinnecock,11/16/2004,Large,0
Shinnecock,11/17/2004,Small,7
Shinnecock,11/17/2004,Large,0
Shinnecock,12/12/2004,Small,0
Shinnecock,12/12/2004,Large,0
Shinnecock,12/16/2004,Small,1
Shinnecock,12/16/2004,Large,0
Shinnecock,12/26/2004,Small,0
Shinnecock,12/26/2004,Large,0
Shinnecock,5/30/2005,Small,1
Shinnecock,5/30/2005,Large,0
Shinnecock,5/31/2005,Small,0
Shinnecock,5/31/2005,Large,0
Shinnecock,6/1/2005,Small,0
Shinnecock,6/1/2005,Large,0
Shinnecock,6/12/2005,Small,0
Shinnecock,6/12/2005,Large,0
Shinnecock,8/18/2005,Small,0
Shinnecock,8/18/2005,Large,0
Shinnecock,8/23/2005,Small,0
Shinnecock,8/23/2005,Large,0
Shinnecock,9/23/2005,Small,0
Shinnecock,9/23/2005,Large,0
Shinnecock,10/2/2005,Small,37
Shinnecock,10/2/2005,Large,0
Shinnecock,12/23/2008,Small,0
Shinnecock,12/23/2008,Large,0
Shinnecock,1/21/2009,Small,0
Shinnecock,1/21/2009,Large,0
Shinnecock,5/29/2006,Small,2
Shinnecock,5/29/2006,Large,0
Shinnecock,9/13/2006,Small,0
Shinnecock,9/13/2006,Large,0
Shinnecock,10/31/2006,Small,0
Shinnecock,10/31/2006,Large,1
Shinnecock,11/3/2006,Small,3
Shinnecock,11/3/2006,Large,0
Shinnecock,12/19/2006,Small,0
Shinnecock,12/19/2006,Large,0
Shinnecock,5/13/2007,Small,0
Shinnecock,5/13/2007,Large,0
Shinnecock,5/22/2007,Small,0
Shinnecock,5/22/2007,Large,0
Shinnecock,5/29/2007,Small,1
Shinnecock,5/29/2007,Large,0
Shinnecock,7/4/2007,Small,0
Shinnecock,7/4/2007,Large,0
Shinnecock,7/12/2007,Small,1
Shinnecock,7/12/2007,Large,0
Shinnecock,8/13/2007,Small,1
Shinnecock,8/13/2007,Large,0
Shinnecock,8/19/2007,Small,2
Shinnecock,8/19/2007,Large,0
Shinnecock,10/14/2007,Small,5
Shinnecock,10/14/2007,Large,0
Shinnecock,10/30/2007,Small,2
Shinnecock,10/30/2007,Large,0
Shinnecock,10/31/2007,Small,1
Shinnecock,10/31/2007,Large,0
Shinnecock,11/14/2007,Small,2
Shinnecock,11/14/2007,Large,0
Shinnecock,11/17/2007,Small,0
Shinnecock,11/17/2007,Large,0
Shinnecock,12/6/2007,Small,0
Shinnecock,12/6/2007,Large,0
Shinnecock,12/29/2014,Small,0
Shinnecock,12/29/2014,Large,0
Shinnecock,12/14/2014,Small,0
Shinnecock,12/14/2014,Large,0
Shinnecock,10/30/2014,Small,1
Shinnecock,10/30/2014,Large,0
Shinnecock,10/25/2014,Small,7
Shinnecock,10/25/2014,Large,0
Shinnecock,11/15/2014,Small,1
Shinnecock,11/15/2014,Large,0
Shinnecock,10/6/2014,Small,0
Shinnecock,10/6/2014,Large,0
Shinnecock,9/5/2014,Small,6
Shinnecock,9/5/2014,Large,0
Shinnecock,8/24/2014,Small,1
Shinnecock,8/24/2014,Large,0
Shinnecock,8/19/2014,Small,4
Shinnecock,8/19/2014,Large,1
Shinnecock,8/17/2014,Small,0
Shinnecock,8/17/2014,Large,0
Shinnecock,7/23/2014,Small,1
Shinnecock,7/23/2014,Large,1
Shinnecock,6/27/2014,Small,1
Shinnecock,6/27/2014,Large,1
Shinnecock,6/14/2014,Small,1
Shinnecock,6/14/2014,Large,0
Shinnecock,4/15/2015,Small,0
Shinnecock,4/15/2015,Large,0
Shinnecock,4/18/2015,Small,0
Shinnecock,4/18/2015,Large,0
Shinnecock,5/29/2015,Small,0
Shinnecock,5/29/2015,Large,0
Shinnecock,5/30/2015,Small,1
Shinnecock,5/30/2015,Large,1
Shinnecock,6/17/2015,Small,0
Shinnecock,6/17/2015,Large,0
Shinnecock,7/11/2015,Small,7
Shinnecock,7/11/2015,Large,0
Shinnecock,7/21/2015,Small,8
Shinnecock,7/21/2015,Large,1
Shinnecock,8/9/2015,Small,4
Shinnecock,8/9/2015,Large,0
Shinnecock,8/15/2015,Small,14
Shinnecock,8/15/2015,Large,0
Shinnecock,8/24/2015,Small,4
Shinnecock,8/24/2015,Large,1
Shinnecock,10/18/2015,Small,0
Shinnecock,10/18/2015,Large,0
Shinnecock,10/22/2015,Small,0
Shinnecock,10/22/2015,Large,1
Shinnecock,10/26/2015,Small,2
Shinnecock,10/26/2015,Large,1
Shinnecock,10/31/2015,Small,8
Shinnecock,10/31/2015,Large,2
Shinnecock,11/4/2015,Small,8
Shinnecock,11/4/2015,Large,0
Shinnecock,11/15/2015,Small,0
Shinnecock,11/15/2015,Large,0
Shinnecock,12/7/2015,Small,2
Shinnecock,12/7/2015,Large,0
Shinnecock,12/12/2015,Small,0
Shinnecock,12/12/2015,Large,0
Shinnecock,5/26/2008,Small,0
Shinnecock,5/26/2008,Large,0
Shinnecock,6/2/2008,Small,0
Shinnecock,6/2/2008,Large,0
Shinnecock,7/27/2008,Small,0
Shinnecock,7/27/2008,Large,0
Shinnecock,7/28/2008,Small,6
Shinnecock,7/28/2008,Large,0
Shinnecock,9/4/2008,Small,0
Shinnecock,9/4/2008,Large,0
Shinnecock,9/17/2008,Small,1
Shinnecock,9/17/2008,Large,0
Shinnecock,10/2/2008,Small,0
Shinnecock,10/2/2008,Large,0
Shinnecock,10/21/2008,Small,0
Shinnecock,10/21/2008,Large,0
Shinnecock,11/2/2008,Small,0
Shinnecock,11/2/2008,Large,0
Shinnecock,12/14/2008,Small,2
Shinnecock,12/14/2008,Large,1
Shinnecock,12/23/2008,Small,0
Shinnecock,12/23/2008,Large,0
Shinnecock,1/21/2009,Small,0
Shinnecock,1/21/2009,Large,0
Smithtown,4/7/1995,Small,0
Smithtown,4/7/1995,Large,0
Smithtown,5/14/1995,Small,0
Smithtown,5/14/1995,Large,0
Smithtown,6/10/1995,Small,0
Smithtown,6/10/1995,Large,0
Smithtown,7/9/1995,Small,0
Smithtown,7/9/1995,Large,0
Smithtown,8/19/1995,Small,0
Smithtown,8/19/1995,Large,0
Smithtown,9/2/1995,Small,1
Smithtown,9/2/1995,Large,0
Smithtown,10/9/1995,Small,0
Smithtown,10/9/1995,Large,0
Smithtown,11/17/1995,Small,1
Smithtown,11/17/1995,Large,0
Smithtown,4/21/1996,Small,1
Smithtown,4/21/1996,Large,0
Smithtown,5/22/1996,Small,1
Smithtown,5/22/1996,Large,0
Smithtown,6/26/1996,Small,2
Smithtown,6/26/1996,Large,1
Smithtown,7/6/1996,Small,0
Smithtown,7/6/1996,Large,0
Smithtown,8/25/1996,Small,8
Smithtown,8/25/1996,Large,0
Smithtown,9/21/1996,Small,12
Smithtown,9/21/1996,Large,0
Smithtown,10/26/1996,Small,2
Smithtown,10/26/1996,Large,0
Smithtown,11/11/1996,Small,2
Smithtown,11/11/1996,Large,0
Smithtown,4/22/1997,Small,1
Smithtown,4/22/1997,Large,0
Smithtown,4/26/1997,Small,1
Smithtown,4/26/1997,Large,0
Smithtown,5/11/1997,Small,0
Smithtown,5/11/1997,Large,0
Smithtown,5/27/1997,Small,3
Smithtown,5/27/1997,Large,0
Smithtown,7/5/1997,Small,2
Smithtown,7/5/1997,Large,1
Smithtown,7/29/1997,Small,3
Smithtown,7/29/1997,Large,0
Smithtown,8/16/1997,Small,4
Smithtown,8/16/1997,Large,0
Smithtown,8/25/1997,Small,0
Smithtown,8/25/1997,Large,0
Smithtown,9/4/1997,Small,0
Smithtown,9/4/1997,Large,0
Smithtown,9/14/1997,Small,8
Smithtown,9/14/1997,Large,0
Smithtown,10/4/1997,Small,7
Smithtown,10/4/1997,Large,0
Smithtown,10/8/1997,Small,2
Smithtown,10/8/1997,Large,0
Smithtown,11/21/1997,Small,2
Smithtown,11/21/1997,Large,0
Smithtown,5/3/2000,Small,0
Smithtown,5/3/2000,Large,0
Smithtown,5/27/2000,Small,7
Smithtown,5/27/2000,Large,1
Smithtown,6/10/2000,Small,8
Smithtown,6/10/2000,Large,0
Smithtown,6/30/2000,Small,3
Smithtown,6/30/2000,Large,0
Smithtown,5/11/2001,Small,0
Smithtown,5/11/2001,Large,0
Smithtown,6/9/2001,Small,0
Smithtown,6/9/2001,Large,0
Smithtown,6/21/2001,Small,0
Smithtown,6/21/2001,Large,0
Smithtown,7/7/2001,Small,0
Smithtown,7/7/2001,Large,0
Smithtown,7/30/2001,Small,0
Smithtown,7/30/2001,Large,0
Smithtown,8/16/2001,Small,2
Smithtown,8/16/2001,Large,0
Smithtown,10/25/2001,Small,0
Smithtown,10/25/2001,Large,0
Smithtown,11/21/2001,Small,4
Smithtown,11/21/2001,Large,0
Smithtown,12/1/2001,Small,13
Smithtown,12/1/2001,Large,0
Smithtown,12/22/2001,Small,0
Smithtown,12/22/2001,Large,0
Smithtown,6/8/2002,Small,3
Smithtown,6/8/2002,Large,0
Smithtown,6/26/2002,Small,0
Smithtown,6/26/2002,Large,0
Smithtown,7/8/2002,Small,0
Smithtown,7/8/2002,Large,0
Smithtown,7/30/2002,Small,0
Smithtown,7/30/2002,Large,0
Smithtown,8/25/2002,Small,1
Smithtown,8/25/2002,Large,0
Smithtown,8/26/2002,Small,1
Smithtown,8/26/2002,Large,0
Smithtown,9/10/2002,Small,0
Smithtown,9/10/2002,Large,0
Smithtown,9/13/2002,Small,0
Smithtown,9/13/2002,Large,0
Smithtown,9/29/2002,Small,0
Smithtown,9/29/2002,Large,0
Smithtown,10/15/2002,Small,1
Smithtown,10/15/2002,Large,0
Smithtown,10/31/2002,Small,2
Smithtown,10/31/2002,Large,0
Smithtown,11/15/2002,Small,2
Smithtown,11/15/2002,Large,0
Smithtown,12/7/2002,Small,1
Smithtown,12/7/2002,Large,0
Smithtown,12/13/2002,Small,0
Smithtown,12/13/2002,Large,0
Smithtown,5/29/2003,Small,0
Smithtown,5/29/2003,Large,0
Smithtown,5/31/2003,Small,0
Smithtown,5/31/2003,Large,0
Smithtown,6/6/2003,Small,0
Smithtown,6/6/2003,Large,0
Smithtown,6/24/2003,Small,0
Smithtown,6/24/2003,Large,0
Smithtown,7/6/2003,Small,2
Smithtown,7/6/2003,Large,0
Smithtown,7/18/2003,Small,0
Smithtown,7/18/2003,Large,0
Smithtown,8/19/2003,Small,0
Smithtown,8/19/2003,Large,0
Smithtown,8/28/2003,Small,0
Smithtown,8/28/2003,Large,0
Smithtown,9/5/2003,Small,1
Smithtown,9/5/2003,Large,0
Smithtown,9/6/2003,Small,1
Smithtown,9/6/2003,Large,0
Smithtown,9/30/2003,Small,0
Smithtown,9/30/2003,Large,0
Smithtown,10/18/2003,Small,2
Smithtown,10/18/2003,Large,0
Smithtown,10/30/2003,Small,1
Smithtown,10/30/2003,Large,0
Smithtown,11/22/2003,Small,8
Smithtown,11/22/2003,Large,0
Smithtown,12/9/2003,Small,0
Smithtown,12/9/2003,Large,0
Smithtown,12/12/2003,Small,0
Smithtown,12/12/2003,Large,0
Smithtown,5/7/2004,Small,0
Smithtown,5/7/2004,Large,0
Smithtown,6/5/2004,Small,0
Smithtown,6/5/2004,Large,0
Smithtown,6/12/2004,Small,0
Smithtown,6/12/2004,Large,0
Smithtown,6/28/2004,Small,1
Smithtown,6/28/2004,Large,0
Smithtown,7/26/2004,Small,1
Smithtown,7/26/2004,Large,0
Smithtown,8/4/2004,Small,0
Smithtown,8/4/2004,Large,0
Smithtown,8/14/2004,Small,0
Smithtown,8/14/2004,Large,0
Smithtown,8/28/2004,Small,0
Smithtown,8/28/2004,Large,0
Smithtown,10/4/2004,Small,3
Smithtown,10/4/2004,Large,0
Smithtown,10/31/2004,Small,3
Smithtown,10/31/2004,Large,0
Smithtown,11/16/2004,Small,4
Smithtown,11/16/2004,Large,0
Smithtown,11/17/2004,Small,0
Smithtown,11/17/2004,Large,0
Smithtown,12/12/2004,Small,0
Smithtown,12/12/2004,Large,0
Smithtown,12/16/2004,Small,0
Smithtown,12/16/2004,Large,0
Smithtown,12/26/2004,Small,0
Smithtown,12/26/2004,Large,0
Smithtown,5/30/2005,Small,0
Smithtown,5/30/2005,Large,0
Smithtown,5/31/2005,Small,0
Smithtown,5/31/2005,Large,0
Smithtown,6/1/2005,Small,0
Smithtown,6/1/2005,Large,0
Smithtown,6/12/2005,Small,1
Smithtown,6/12/2005,Large,0
Smithtown,8/18/2005,Small,4
Smithtown,8/18/2005,Large,0
Smithtown,8/23/2005,Small,1
Smithtown,8/23/2005,Large,0
Smithtown,9/23/2005,Small,1
Smithtown,9/23/2005,Large,0
Smithtown,10/2/2005,Small,7
Smithtown,10/2/2005,Large,0
Smithtown,12/23/2008,Small,0
Smithtown,12/23/2008,Large,0
Smithtown,1/21/2009,Small,0
Smithtown,1/21/2009,Large,0
Smithtown,5/29/2006,Small,1
Smithtown,5/29/2006,Large,0
Smithtown,9/13/2006,Small,0
Smithtown,9/13/2006,Large,0
Smithtown,10/31/2006,Small,11
Smithtown,10/31/2006,Large,0
Smithtown,11/3/2006,Small,0
Smithtown,11/3/2006,Large,0
Smithtown,12/19/2006,Small,0
Smithtown,12/19/2006,Large,0
Smithtown,5/13/2007,Small,1
Smithtown,5/13/2007,Large,0
Smithtown,5/22/2007,Small,1
Smithtown,5/22/2007,Large,0
Smithtown,5/29/2007,Small,0
Smithtown,5/29/2007,Large,0
Smithtown,7/12/2007,Small,0
Smithtown,7/12/2007,Large,0
Smithtown,8/13/2007,Small,1
Smithtown,8/13/2007,Large,0
Smithtown,8/19/2007,Small,2
Smithtown,8/19/2007,Large,0
Smithtown,10/14/2007,Small,4
Smithtown,10/14/2007,Large,0
Smithtown,10/30/2007,Small,2
Smithtown,10/30/2007,Large,0
Smithtown,10/31/2007,Small,4
Smithtown,10/31/2007,Large,0
Smithtown,11/14/2007,Small,11
Smithtown,11/14/2007,Large,0
Smithtown,11/17/2007,Small,3
Smithtown,11/17/2007,Large,0
Smithtown,12/6/2007,Small,0
Smithtown,12/6/2007,Large,0
Smithtown,12/29/2014,Small,0
Smithtown,12/29/2014,Large,0
Smithtown,12/14/2014,Small,0
Smithtown,12/14/2014,Large,0
Smithtown,10/30/2014,Small,2
Smithtown,10/30/2014,Large,0
Smithtown,10/25/2014,Small,15
Smithtown,10/25/2014,Large,0
Smithtown,11/15/2014,Small,0
Smithtown,11/15/2014,Large,0
Smithtown,10/6/2014,Small,4
Smithtown,10/6/2014,Large,0
Smithtown,9/5/2014,Small,1
Smithtown,9/5/2014,Large,0
Smithtown,8/24/2014,Small,2
Smithtown,8/24/2014,Large,0
Smithtown,8/19/2014,Small,3
Smithtown,8/19/2014,Large,0
Smithtown,8/17/2014,Small,2
Smithtown,8/17/2014,Large,0
Smithtown,7/23/2014,Small,1
Smithtown,7/23/2014,Large,0
Smithtown,6/27/2014,Small,0
Smithtown,6/27/2014,Large,0
Smithtown,6/14/2014,Small,4
Smithtown,6/14/2014,Large,0
Smithtown,4/15/2015,Small,0
Smithtown,4/15/2015,Large,0
Smithtown,4/18/2015,Small,1
Smithtown,4/18/2015,Large,0
Smithtown,5/29/2015,Small,1
Smithtown,5/29/2015,Large,0
Smithtown,5/30/2015,Small,3
Smithtown,5/30/2015,Large,0
Smithtown,6/17/2015,Small,6
Smithtown,6/17/2015,Large,0
Smithtown,7/11/2015,Small,1
Smithtown,7/11/2015,Large,0
Smithtown,7/21/2015,Small,2
Smithtown,7/21/2015,Large,0
Smithtown,8/9/2015,Small,4
Smithtown,8/9/2015,Large,0
Smithtown,8/15/2015,Small,3
Smithtown,8/15/2015,Large,0
Smithtown,8/24/2015,Small,2
Smithtown,8/24/2015,Large,0
Smithtown,10/18/2015,Small,0
Smithtown,10/18/2015,Large,0
Smithtown,10/22/2015,Small,5
Smithtown,10/22/2015,Large,0
Smithtown,10/26/2015,Small,8
Smithtown,10/26/2015,Large,0
Smithtown,10/31/2015,Small,11
Smithtown,10/31/2015,Large,0
Smithtown,11/4/2015,Small,6
Smithtown,11/4/2015,Large,0
Smithtown,11/15/2015,Small,4
Smithtown,11/15/2015,Large,0
Smithtown,12/7/2015,Small,0
Smithtown,12/7/2015,Large,0
Smithtown,12/12/2015,Small,0
Smithtown,12/12/2015,Large,0
Smithtown,5/26/2008,Small,1
Smithtown,5/26/2008,Large,0
Smithtown,6/2/2008,Small,1
Smithtown,6/2/2008,Large,0
Smithtown,7/21/2008,Small,0
Smithtown,7/21/2008,Large,0
Smithtown,7/28/2008,Small,1
Smithtown,7/28/2008,Large,0
Smithtown,9/4/2008,Small,1
Smithtown,9/4/2008,Large,0
Smithtown,9/17/2008,Small,1
Smithtown,9/17/2008,Large,0
Smithtown,10/2/2008,Small,0
Smithtown,10/2/2008,Large,0
Smithtown,10/21/2008,Small,5
Smithtown,10/21/2008,Large,0
Smithtown,11/2/2008,Small,4
Smithtown,11/2/2008,Large,0
Smithtown,12/14/2008,Small,1
Smithtown,12/14/2008,Large,0
Smithtown,12/23/2008,Small,0
Smithtown,12/23/2008,Large,0
Smithtown,1/21/2009,Small,0
Smithtown,1/21/2009,Large,0
Yellowbar,4/7/1995,Small,0
Yellowbar,4/7/1995,Large,0
Yellowbar,5/14/1995,Small,7
Yellowbar,5/14/1995,Large,3
Yellowbar,6/10/1995,Small,5
Yellowbar,6/10/1995,Large,0
Yellowbar,7/9/1995,Small,2
Yellowbar,7/9/1995,Large,0
Yellowbar,8/19/1995,Small,0
Yellowbar,8/19/1995,Large,0
Yellowbar,9/2/1995,Small,3
Yellowbar,9/2/1995,Large,0
Yellowbar,10/9/1995,Small,15
Yellowbar,10/9/1995,Large,0
Yellowbar,11/17/1995,Small,1
Yellowbar,11/17/1995,Large,0
Yellowbar,4/21/1996,Small,0
Yellowbar,4/21/1996,Large,0
Yellowbar,5/22/1996,Small,1
Yellowbar,5/22/1996,Large,0
Yellowbar,6/26/1996,Small,0
Yellowbar,6/26/1996,Large,1
Yellowbar,7/6/1996,Small,28
Yellowbar,7/6/1996,Large,1
Yellowbar,8/25/1996,Small,5
Yellowbar,8/25/1996,Large,3
Yellowbar,9/21/1996,Small,1
Yellowbar,9/21/1996,Large,0
Yellowbar,10/26/1996,Small,2
Yellowbar,10/26/1996,Large,0
Yellowbar,11/11/1996,Small,1
Yellowbar,11/11/1996,Large,1
Yellowbar,4/22/1997,Small,0
Yellowbar,4/22/1997,Large,0
Yellowbar,4/26/1997,Small,2
Yellowbar,4/26/1997,Large,1
Yellowbar,5/11/1997,Small,0
Yellowbar,5/11/1997,Large,0
Yellowbar,5/27/1997,Small,1
Yellowbar,5/27/1997,Large,0
Yellowbar,7/5/1997,Small,21
Yellowbar,7/5/1997,Large,1
Yellowbar,7/29/1997,Small,12
Yellowbar,7/29/1997,Large,3
Yellowbar,8/16/1997,Small,3
Yellowbar,8/16/1997,Large,2
Yellowbar,8/25/1997,Small,0
Yellowbar,8/25/1997,Large,0
Yellowbar,9/4/1997,Small,0
Yellowbar,9/4/1997,Large,1
Yellowbar,9/14/1997,Small,18
Yellowbar,9/14/1997,Large,0
Yellowbar,10/4/1997,Small,2
Yellowbar,10/4/1997,Large,0
Yellowbar,10/8/1997,Small,2
Yellowbar,10/8/1997,Large,1
Yellowbar,11/21/1997,Small,1
Yellowbar,11/21/1997,Large,0
Yellowbar,5/3/2000,Small,1
Yellowbar,5/3/2000,Large,1
Yellowbar,5/27/2000,Small,47
Yellowbar,5/27/2000,Large,8
Yellowbar,6/10/2000,Small,37
Yellowbar,6/10/2000,Large,4
Yellowbar,6/30/2000,Small,6
Yellowbar,6/30/2000,Large,0
Yellowbar,5/11/2001,Small,0
Yellowbar,5/11/2001,Large,0
Yellowbar,6/9/2001,Small,27
Yellowbar,6/9/2001,Large,1
Yellowbar,6/21/2001,Small,2
Yellowbar,6/21/2001,Large,1
Yellowbar,7/7/2001,Small,4
Yellowbar,7/7/2001,Large,0
Yellowbar,7/30/2001,Small,1
Yellowbar,7/30/2001,Large,0
Yellowbar,8/16/2001,Small,2
Yellowbar,8/16/2001,Large,0
Yellowbar,10/25/2001,Small,4
Yellowbar,10/25/2001,Large,0
Yellowbar,11/21/2001,Small,3
Yellowbar,11/21/2001,Large,0
Yellowbar,12/1/2001,Small,0
Yellowbar,12/1/2001,Large,1
Yellowbar,12/22/2001,Small,0
Yellowbar,12/22/2001,Large,0
Yellowbar,6/8/2002,Small,3
Yellowbar,6/8/2002,Large,2
Yellowbar,6/26/2002,Small,0
Yellowbar,6/26/2002,Large,0
Yellowbar,7/8/2002,Small,1
Yellowbar,7/8/2002,Large,0
Yellowbar,7/30/2002,Small,0
Yellowbar,7/30/2002,Large,0
Yellowbar,8/25/2002,Small,5
Yellowbar,8/25/2002,Large,0
Yellowbar,8/26/2002,Small,2
Yellowbar,8/26/2002,Large,0
Yellowbar,9/13/2002,Small,1
Yellowbar,9/13/2002,Large,0
Yellowbar,9/29/2002,Small,4
Yellowbar,9/29/2002,Large,0
Yellowbar,10/15/2002,Small,1
Yellowbar,10/15/2002,Large,1
Yellowbar,10/31/2002,Small,3
Yellowbar,10/31/2002,Large,0
Yellowbar,11/15/2002,Small,7
Yellowbar,11/15/2002,Large,1
Yellowbar,12/7/2002,Small,0
Yellowbar,12/7/2002,Large,0
Yellowbar,12/13/2002,Small,0
Yellowbar,12/13/2002,Large,0
Yellowbar,5/29/2003,Small,0
Yellowbar,5/29/2003,Large,0
Yellowbar,5/31/2003,Small,0
Yellowbar,5/31/2003,Large,0
Yellowbar,6/6/2003,Small,0
Yellowbar,6/6/2003,Large,0
Yellowbar,6/24/2003,Small,1
Yellowbar,6/24/2003,Large,0
Yellowbar,7/6/2003,Small,4
Yellowbar,7/6/2003,Large,0
Yellowbar,7/18/2003,Small,7
Yellowbar,7/18/2003,Large,1
Yellowbar,8/19/2003,Small,0
Yellowbar,8/19/2003,Large,0
Yellowbar,8/28/2003,Small,3
Yellowbar,8/28/2003,Large,0
Yellowbar,9/5/2003,Small,2
Yellowbar,9/5/2003,Large,0
Yellowbar,9/6/2003,Small,1
Yellowbar,9/6/2003,Large,0
Yellowbar,9/30/2003,Small,0
Yellowbar,9/30/2003,Large,0
Yellowbar,10/18/2003,Small,1
Yellowbar,10/18/2003,Large,0
Yellowbar,10/30/2003,Small,3
Yellowbar,10/30/2003,Large,1
Yellowbar,11/22/2003,Small,2
Yellowbar,11/22/2003,Large,0
Yellowbar,12/9/2003,Small,1
Yellowbar,12/9/2003,Large,0
Yellowbar,12/12/2003,Small,0
Yellowbar,12/12/2003,Large,0
Yellowbar,5/7/2004,Small,1
Yellowbar,5/7/2004,Large,0
Yellowbar,6/5/2004,Small,0
Yellowbar,6/5/2004,Large,0
Yellowbar,6/12/2004,Small,1
Yellowbar,6/12/2004,Large,0
Yellowbar,6/28/2004,Small,0
Yellowbar,6/28/2004,Large,0
Yellowbar,7/26/2004,Small,0
Yellowbar,7/26/2004,Large,0
Yellowbar,8/4/2004,Small,1
Yellowbar,8/4/2004,Large,0
Yellowbar,8/14/2004,Small,0
Yellowbar,8/14/2004,Large,0
Yellowbar,8/28/2004,Small,2
Yellowbar,8/28/2004,Large,0
Yellowbar,9/21/2004,Small,3
Yellowbar,9/21/2004,Large,0
Yellowbar,10/4/2004,Small,1
Yellowbar,10/4/2004,Large,0
Yellowbar,10/31/2004,Small,2
Yellowbar,10/31/2004,Large,0
Yellowbar,11/16/2004,Small,0
Yellowbar,11/16/2004,Large,0
Yellowbar,11/17/2004,Small,3
Yellowbar,11/17/2004,Large,0
Yellowbar,12/12/2004,Small,0
Yellowbar,12/12/2004,Large,0
Yellowbar,12/16/2004,Small,0
Yellowbar,12/16/2004,Large,0
Yellowbar,12/26/2004,Small,0
Yellowbar,12/26/2004,Large,0
Yellowbar,5/30/2005,Small,1
Yellowbar,5/30/2005,Large,0
Yellowbar,5/31/2005,Small,1
Yellowbar,5/31/2005,Large,0
Yellowbar,6/1/2005,Small,0
Yellowbar,6/1/2005,Large,1
Yellowbar,6/12/2005,Small,1
Yellowbar,6/12/2005,Large,0
Yellowbar,8/18/2005,Small,2
Yellowbar,8/18/2005,Large,0
Yellowbar,8/23/2005,Small,1
Yellowbar,8/23/2005,Large,0
Yellowbar,9/23/2005,Small,6
Yellowbar,9/23/2005,Large,0
Yellowbar,10/2/2005,Small,11
Yellowbar,10/2/2005,Large,1
Yellowbar,12/23/2008,Small,0
Yellowbar,12/23/2008,Large,0
Yellowbar,1/21/2009,Small,0
Yellowbar,1/21/2009,Large,0
Yellowbar,5/29/2006,Small,5
Yellowbar,5/29/2006,Large,0
Yellowbar,9/13/2006,Small,1
Yellowbar,9/13/2006,Large,0
Yellowbar,10/31/2006,Small,4
Yellowbar,10/31/2006,Large,1
Yellowbar,11/3/2006,Small,2
Yellowbar,11/3/2006,Large,0
Yellowbar,12/19/2006,Small,0
Yellowbar,12/19/2006,Large,0
Yellowbar,5/13/2007,Small,0
Yellowbar,5/13/2007,Large,0
Yellowbar,5/22/2007,Small,2
Yellowbar,5/22/2007,Large,0
Yellowbar,5/29/2007,Small,2
Yellowbar,5/29/2007,Large,0
Yellowbar,7/4/2007,Small,1
Yellowbar,7/4/2007,Large,2
Yellowbar,7/12/2007,Small,0
Yellowbar,7/12/2007,Large,0
Yellowbar,8/13/2007,Small,0
Yellowbar,8/13/2007,Large,0
Yellowbar,8/19/2007,Small,1
Yellowbar,8/19/2007,Large,0
Yellowbar,10/14/2007,Small,5
Yellowbar,10/14/2007,Large,0
Yellowbar,10/30/2007,Small,2
Yellowbar,10/30/2007,Large,1
Yellowbar,10/31/2007,Small,6
Yellowbar,10/31/2007,Large,0
Yellowbar,11/14/2007,Small,4
Yellowbar,11/14/2007,Large,1
Yellowbar,11/17/2007,Small,0
Yellowbar,11/17/2007,Large,0
Yellowbar,12/6/2007,Small,0
Yellowbar,12/6/2007,Large,0
Yellowbar,12/29/2014,Small,0
Yellowbar,12/29/2014,Large,0
Yellowbar,12/14/2014,Small,0
Yellowbar,12/14/2014,Large,0
Yellowbar,10/30/2014,Small,1
Yellowbar,10/30/2014,Large,0
Yellowbar,10/25/2014,Small,2
Yellowbar,10/25/2014,Large,0
Yellowbar,11/15/2014,Small,1
Yellowbar,11/15/2014,Large,0
Yellowbar,10/6/2014,Small,2
Yellowbar,10/6/2014,Large,1
Yellowbar,9/5/2014,Small,2
Yellowbar,9/5/2014,Large,0
Yellowbar,8/24/2014,Small,9
Yellowbar,8/24/2014,Large,0
Yellowbar,8/19/2014,Small,2
Yellowbar,8/19/2014,Large,0
Yellowbar,8/17/2014,Small,4
Yellowbar,8/17/2014,Large,0
Yellowbar,7/23/2014,Small,2
Yellowbar,7/23/2014,Large,0
Yellowbar,6/27/2014,Small,3
Yellowbar,6/27/2014,Large,1
Yellowbar,6/14/2014,Small,5
Yellowbar,6/14/2014,Large,0
Yellowbar,4/15/2015,Small,0
Yellowbar,4/15/2015,Large,0
Yellowbar,4/18/2015,Small,0
Yellowbar,4/18/2015,Large,0
Yellowbar,5/29/2015,Small,3
Yellowbar,5/29/2015,Large,0
Yellowbar,5/30/2015,Small,3
Yellowbar,5/30/2015,Large,0
Yellowbar,6/17/2015,Small,0
Yellowbar,6/17/2015,Large,0
Yellowbar,7/11/2015,Small,9
Yellowbar,7/11/2015,Large,0
Yellowbar,7/21/2015,Small,0
Yellowbar,7/21/2015,Large,0
Yellowbar,8/9/2015,Small,4
Yellowbar,8/9/2015,Large,0
Yellowbar,8/15/2015,Small,4
Yellowbar,8/15/2015,Large,0
Yellowbar,8/24/2015,Small,5
Yellowbar,8/24/2015,Large,0
Yellowbar,10/18/2015,Small,1
Yellowbar,10/18/2015,Large,0
Yellowbar,10/22/2015,Small,3
Yellowbar,10/22/2015,Large,0
Yellowbar,10/26/2015,Small,2
Yellowbar,10/26/2015,Large,0
Yellowbar,10/31/2015,Small,5
Yellowbar,10/31/2015,Large,0
Yellowbar,11/4/2015,Small,0
Yellowbar,11/4/2015,Large,1
Yellowbar,11/15/2015,Small,1
Yellowbar,11/15/2015,Large,0
Yellowbar,12/7/2015,Small,0
Yellowbar,12/7/2015,Large,0
Yellowbar,12/12/2015,Small,0
Yellowbar,12/12/2015,Large,0
Yellowbar,5/26/2008,Small,1
Yellowbar,5/26/2008,Large,0
Yellowbar,6/2/2008,Small,1
Yellowbar,6/2/2008,Large,0
Yellowbar,7/21/2008,Small,1
Yellowbar,7/21/2008,Large,0
Yellowbar,7/27/2008,Small,0
Yellowbar,7/27/2008,Large,0
Yellowbar,7/28/2008,Small,1
Yellowbar,7/28/2008,Large,0
Yellowbar,9/17/2008,Small,2
Yellowbar,9/17/2008,Large,0
Yellowbar,10/2/2008,Small,1
Yellowbar,10/2/2008,Large,3
Yellowbar,10/21/2008,Small,5
Yellowbar,10/21/2008,Large,0
Yellowbar,11/2/2008,Small,4
Yellowbar,11/2/2008,Large,2
Yellowbar,12/14/2008,Small,0
Yellowbar,12/14/2008,Large,0
Yellowbar,12/23/2008,Small,0
Yellowbar,12/23/2008,Large,0
Yellowbar,1/21/2009,Small,0
Yellowbar,1/21/2009,Large,0
